segmento_negocio,prioridad_consumo,categoria,producto_generico,proveedor,marca,ranking_compra,codigo_sku,descripcion,presentacion,tipo_envase,unidades_por_pack,costo_pack_neto,costo_unidad_neto,precio_venta_neto,margen_clp,margen_pct,mercado_min,mercado_max,holgura_mercado,pct_min_mercado,pct_max_mercado,rubro,aplicacion
Concesionarios,2,Lubricante,5W30 sintetico,Vistony,Vistony,1,1000544,CAJ04 ATTOM S320 SAE 5W-30 ACEA C3/API SN DE 5 L,5 L,Bidon,4,70224,17556,22823,5267,0.2307692307692308,28000.0,42000.0,14000.0,-0.22683258116811977,-0.8402488717521799,Concesionarios,liviano
Talleres,1,Lubricante,5W30 sintetico,Vistony,Vistony,1,1000544,CAJ04 ATTOM S320 SAE 5W-30 ACEA C3/API SN DE 5 L,5 L,Bidon,4,70224,17556,22823,5267,0.2307692307692308,28000.0,42000.0,14000.0,-0.22683258116811977,-0.8402488717521799,Talleres,liviano
Concesionarios,2,Refrigerante/Aditivo Diesel,Refrigerante verde convencional,Vistony,Vistony,2,1200009,CAJ06 LIQUIDO PARA RADIADOR VERDE DE 1 GAL,1 GAL,Galon,6,12203,2034,2644,610,0.2307692307692308,12000.0,16000.0,4000.0,-3.5385779122541603,-5.05143721633888,Concesionarios,liviano
Talleres,1,Refrigerante/Aditivo Diesel,Refrigerante verde convencional,Vistony,Vistony,2,1200009,CAJ06 LIQUIDO PARA RADIADOR VERDE DE 1 GAL,1 GAL,Galon,6,12203,2034,2644,610,0.2307692307692308,12000.0,16000.0,4000.0,-3.5385779122541603,-5.05143721633888,Talleres,liviano
Construccion (agro),2,Refrigerante/Aditivo Diesel,Refrigerante verde convencional,Vistony,Vistony,2,1200009,CAJ06 LIQUIDO PARA RADIADOR VERDE DE 1 GAL,1 GAL,Galon,6,12203,2034,2644,610,0.2307692307692308,12000.0,16000.0,4000.0,-3.5385779122541603,-5.05143721633888,Agricola,liviano
Concesionarios,2,Lubricante,10W40 semisintetico,Vistony,Vistony,4,1000560,CAJ04 SINTEK OIL S 210 SAE 10W40 ACEA A3/B4 - API SN DE 4L,4 L,Galon,4,54139,13534,17595,4060,0.2307692307692307,18000.0,24000.0,6000.0,-0.023017902813299296,-0.3640238704177323,Concesionarios,liviano
Talleres,1,Lubricante,10W40 semisintetico,Vistony,Vistony,4,1000560,CAJ04 SINTEK OIL S 210 SAE 10W40 ACEA A3/B4 - API SN DE 4L,4 L,Galon,4,54139,13534,17595,4060,0.2307692307692307,18000.0,24000.0,6000.0,-0.023017902813299296,-0.3640238704177323,Talleres,liviano
Concesionarios,2,Refrigerante/Aditivo Diesel,Refrigerante verde convencional,Vistony,Vistony,6,1200105,CAJ06 COOLANT ICE FREEZE ORGANIC (OAT) 50/50 GREEN - 5 IDIOMAS DE 4L,4 L,Galon,6,43722,7287,9473,2186,0.2307692307692307,12000.0,16000.0,4000.0,-0.26675815475562126,-0.6890108730074951,Concesionarios,liviano
Talleres,1,Refrigerante/Aditivo Diesel,Refrigerante verde convencional,Vistony,Vistony,6,1200105,CAJ06 COOLANT ICE FREEZE ORGANIC (OAT) 50/50 GREEN - 5 IDIOMAS DE 4L,4 L,Galon,6,43722,7287,9473,2186,0.2307692307692307,12000.0,16000.0,4000.0,-0.26675815475562126,-0.6890108730074951,Talleres,liviano
Construccion (agro),2,Refrigerante/Aditivo Diesel,Refrigerante verde convencional,Vistony,Vistony,6,1200105,CAJ06 COOLANT ICE FREEZE ORGANIC (OAT) 50/50 GREEN - 5 IDIOMAS DE 4L,4 L,Galon,6,43722,7287,9473,2186,0.2307692307692307,12000.0,16000.0,4000.0,-0.26675815475562126,-0.6890108730074951,Agricola,liviano
Flotas,3,Lubricante,Aceite engranajes,Vistony,Vistony,16,1000618,CAJ12 TRANSMEC SYNTHETIC API GL-4 SAE 75W90 DE 1L,1 L,Frasco/Botella,12,55514,4626,6014,1388,0.2307692307692308,5000.0,8000.0,3000.0,0.16860658463584965,-0.33022946458264046,Flotas,camion_flota
Industria,3,Lubricante,Aceite engranajes,Vistony,Vistony,16,1000618,CAJ12 TRANSMEC SYNTHETIC API GL-4 SAE 75W90 DE 1L,1 L,Frasco/Botella,12,55514,4626,6014,1388,0.2307692307692308,5000.0,8000.0,3000.0,0.16860658463584965,-0.33022946458264046,Industria,camion_flota
Talleres,1,Lubricante,Aceite engranajes,Vistony,Vistony,16,1000618,CAJ12 TRANSMEC SYNTHETIC API GL-4 SAE 75W90 DE 1L,1 L,Frasco/Botella,12,55514,4626,6014,1388,0.2307692307692308,5000.0,8000.0,3000.0,0.16860658463584965,-0.33022946458264046,Talleres,camion_flota
Construccion (agro),3,Lubricante,Aceite engranajes,Vistony,Vistony,16,1000618,CAJ12 TRANSMEC SYNTHETIC API GL-4 SAE 75W90 DE 1L,1 L,Frasco/Botella,12,55514,4626,6014,1388,0.2307692307692308,5000.0,8000.0,3000.0,0.16860658463584965,-0.33022946458264046,Agricola,camion_flota
Concesionarios,2,Refrigerante/Aditivo Diesel,Refrigerante rojo OAT,Vistony,Vistony,4,1200083,CAJ06 COOLANT ICE FREEZE ORGANICO (OAT) 50/50 LONG LIFE FUCHSIA DE 4L,4 L,Galon,6,43361,7227,9395,2168,0.2307692307692307,12000.0,16000.0,4000.0,-0.27727514635444384,-0.7030335284725917,Concesionarios,liviano
Flotas,2,Refrigerante/Aditivo Diesel,Refrigerante rojo OAT,Vistony,Vistony,4,1200083,CAJ06 COOLANT ICE FREEZE ORGANICO (OAT) 50/50 LONG LIFE FUCHSIA DE 4L,4 L,Galon,6,43361,7227,9395,2168,0.2307692307692307,12000.0,16000.0,4000.0,-0.27727514635444384,-0.7030335284725917,Flotas,liviano
Talleres,1,Refrigerante/Aditivo Diesel,Refrigerante rojo OAT,Vistony,Vistony,4,1200083,CAJ06 COOLANT ICE FREEZE ORGANICO (OAT) 50/50 LONG LIFE FUCHSIA DE 4L,4 L,Galon,6,43361,7227,9395,2168,0.2307692307692307,12000.0,16000.0,4000.0,-0.27727514635444384,-0.7030335284725917,Talleres,liviano
Construccion (agro),2,Refrigerante/Aditivo Diesel,Refrigerante rojo OAT,Vistony,Vistony,4,1200083,CAJ06 COOLANT ICE FREEZE ORGANICO (OAT) 50/50 LONG LIFE FUCHSIA DE 4L,4 L,Galon,6,43361,7227,9395,2168,0.2307692307692307,12000.0,16000.0,4000.0,-0.27727514635444384,-0.7030335284725917,Agricola,liviano
Construccion,1,Lubricante,Hidraulico ISO 68,Vistony,Vistony,2,1000738,BAL DRAULA H 68 DE 5 GL,5 GL,Balde,1,38002,38002,49402,11400,0.2307692307692308,40000.0,60000.0,20000.0,0.19031618153111207,-0.2145257277033319,Construccion,liviano
Industria,1,Lubricante,Hidraulico ISO 68,Vistony,Vistony,2,1000738,BAL DRAULA H 68 DE 5 GL,5 GL,Balde,1,38002,38002,49402,11400,0.2307692307692308,40000.0,60000.0,20000.0,0.19031618153111207,-0.2145257277033319,Industria,liviano
Construccion (agro),1,Lubricante,Hidraulico ISO 68,Vistony,Vistony,2,1000738,BAL DRAULA H 68 DE 5 GL,5 GL,Balde,1,38002,38002,49402,11400,0.2307692307692308,40000.0,60000.0,20000.0,0.19031618153111207,-0.2145257277033319,Agricola,liviano
Flotas,3,Lubricante,Aceite engranajes,Vistony,Vistony,11,1000045,CAJ12 TRANSMISION AUTOMATICA - ATF DE 1/4 GL,1/4 GL,Frasco/Botella,12,44474,3706,4818,1112,0.2307692307692308,5000.0,8000.0,3000.0,-0.03777501037775011,-0.6604400166044002,Flotas,liviano
Industria,3,Lubricante,Aceite engranajes,Vistony,Vistony,11,1000045,CAJ12 TRANSMISION AUTOMATICA - ATF DE 1/4 GL,1/4 GL,Frasco/Botella,12,44474,3706,4818,1112,0.2307692307692308,5000.0,8000.0,3000.0,-0.03777501037775011,-0.6604400166044002,Industria,liviano
Talleres,1,Lubricante,Aceite engranajes,Vistony,Vistony,11,1000045,CAJ12 TRANSMISION AUTOMATICA - ATF DE 1/4 GL,1/4 GL,Frasco/Botella,12,44474,3706,4818,1112,0.2307692307692308,5000.0,8000.0,3000.0,-0.03777501037775011,-0.6604400166044002,Talleres,liviano
Construccion (agro),3,Lubricante,Aceite engranajes,Vistony,Vistony,11,1000045,CAJ12 TRANSMISION AUTOMATICA - ATF DE 1/4 GL,1/4 GL,Frasco/Botella,12,44474,3706,4818,1112,0.2307692307692308,5000.0,8000.0,3000.0,-0.03777501037775011,-0.6604400166044002,Agricola,liviano
Concesionarios,1,Lubricante,5W30 sintetico,Vistony,Vistony,2,1000545,CIL ATTOM S320 SAE 5W-30 ACEA C3/API SN DE 55 GL,55 GL,Tambor/Cilindro,1,648645,648645,843238,194593,0.2307692307692308,1200000.0,1600000.0,400000.0,-0.42308577175127304,-0.8974476956683641,Concesionarios,liviano
Talleres,3,Lubricante,5W30 sintetico,Vistony,Vistony,2,1000545,CIL ATTOM S320 SAE 5W-30 ACEA C3/API SN DE 55 GL,55 GL,Tambor/Cilindro,1,648645,648645,843238,194593,0.2307692307692308,1200000.0,1600000.0,400000.0,-0.42308577175127304,-0.8974476956683641,Talleres,liviano
Flotas,3,Lubricante,Aceite engranajes,Vistony,Vistony,10,1000130,CAJ12 GEAR OIL GL-5 SAE 80W90 DE 0.946 LT,0.946 LT,Frasco/Botella,12,42908,3576,4649,1073,0.2307692307692308,5000.0,8000.0,3000.0,-0.0755001075500108,-0.7208001720800172,Flotas,camion_flota
Industria,3,Lubricante,Aceite engranajes,Vistony,Vistony,10,1000130,CAJ12 GEAR OIL GL-5 SAE 80W90 DE 0.946 LT,0.946 LT,Frasco/Botella,12,42908,3576,4649,1073,0.2307692307692308,5000.0,8000.0,3000.0,-0.0755001075500108,-0.7208001720800172,Industria,camion_flota
Talleres,1,Lubricante,Aceite engranajes,Vistony,Vistony,10,1000130,CAJ12 GEAR OIL GL-5 SAE 80W90 DE 0.946 LT,0.946 LT,Frasco/Botella,12,42908,3576,4649,1073,0.2307692307692308,5000.0,8000.0,3000.0,-0.0755001075500108,-0.7208001720800172,Talleres,camion_flota
Construccion (agro),3,Lubricante,Aceite engranajes,Vistony,Vistony,10,1000130,CAJ12 GEAR OIL GL-5 SAE 80W90 DE 0.946 LT,0.946 LT,Frasco/Botella,12,42908,3576,4649,1073,0.2307692307692308,5000.0,8000.0,3000.0,-0.0755001075500108,-0.7208001720800172,Agricola,camion_flota
Concesionarios,2,Lubricante,10W40 semisintetico,Vistony,Vistony,1,1000806,CAJ06 BLINDAX DUO SAE 10W40 DE 4 LT,4 LT,Galon,6,58234,9706,12617,2912,0.2307692307692308,18000.0,24000.0,6000.0,-0.42664658793691057,-0.9021954505825474,Concesionarios,liviano
Talleres,1,Lubricante,10W40 semisintetico,Vistony,Vistony,1,1000806,CAJ06 BLINDAX DUO SAE 10W40 DE 4 LT,4 LT,Galon,6,58234,9706,12617,2912,0.2307692307692308,18000.0,24000.0,6000.0,-0.42664658793691057,-0.9021954505825474,Talleres,liviano
Concesionarios,2,Refrigerante/Aditivo Diesel,Refrigerante verde convencional,Vistony,Vistony,4,1200079,CAJ06 COOLANT ICE FREEZE ORGANICO (OAT) 33% GREEN DE 1 GL,1 GL,Galon,6,34998,5833,7583,1750,0.2307692307692308,12000.0,16000.0,4000.0,-0.5824871422919689,-1.109982856389292,Concesionarios,liviano
Talleres,1,Refrigerante/Aditivo Diesel,Refrigerante verde convencional,Vistony,Vistony,4,1200079,CAJ06 COOLANT ICE FREEZE ORGANICO (OAT) 33% GREEN DE 1 GL,1 GL,Galon,6,34998,5833,7583,1750,0.2307692307692308,12000.0,16000.0,4000.0,-0.5824871422919689,-1.109982856389292,Talleres,liviano
Construccion (agro),2,Refrigerante/Aditivo Diesel,Refrigerante verde convencional,Vistony,Vistony,4,1200079,CAJ06 COOLANT ICE FREEZE ORGANICO (OAT) 33% GREEN DE 1 GL,1 GL,Galon,6,34998,5833,7583,1750,0.2307692307692308,12000.0,16000.0,4000.0,-0.5824871422919689,-1.109982856389292,Agricola,liviano
Industria,1,Lubricante,Hidraulico ISO 32,Vistony,Vistony,1,1000087,BAL DRAULA H 32 DE 5 GAL,5 GAL,Balde,1,41000,41000,53300,12300,0.2307692307692308,40000.0,60000.0,20000.0,0.24953095684803006,-0.12570356472795496,Industria,liviano
Construccion (agro),1,Lubricante,Hidraulico ISO 32,Vistony,Vistony,1,1000087,BAL DRAULA H 32 DE 5 GAL,5 GAL,Balde,1,41000,41000,53300,12300,0.2307692307692308,40000.0,60000.0,20000.0,0.24953095684803006,-0.12570356472795496,Agricola,liviano
Concesionarios,1,Lubricante,10W40 semisintetico,Vistony,Vistony,6,1000622,CAJ12 SINTEK OIL RAYVON 4T SAE 10W40 JASO MA2 DE 1L,1 L,Frasco/Botella,12,42478,3540,4602,1062,0.2307692307692308,5000.0,7500.0,2500.0,-0.08648413733159499,-0.6297262059973925,Concesionarios,liviano
Talleres,1,Lubricante,10W40 semisintetico,Vistony,Vistony,6,1000622,CAJ12 SINTEK OIL RAYVON 4T SAE 10W40 JASO MA2 DE 1L,1 L,Frasco/Botella,12,42478,3540,4602,1062,0.2307692307692308,5000.0,7500.0,2500.0,-0.08648413733159499,-0.6297262059973925,Talleres,liviano
Concesionarios,1,Lubricante,5W30 sintetico,Vistony,Vistony,5,1000570,CAJ12 ATTOM S320 SAE 5W30 ACEA C3/API SN DE 1L,1 L,Frasco/Botella,12,42989,3582,4657,1075,0.2307692307692307,8500.0,13000.0,4500.0,-0.8252093622503758,-1.7914966716770455,Concesionarios,liviano
Talleres,1,Lubricante,5W30 sintetico,Vistony,Vistony,5,1000570,CAJ12 ATTOM S320 SAE 5W30 ACEA C3/API SN DE 1L,1 L,Frasco/Botella,12,42989,3582,4657,1075,0.2307692307692307,8500.0,13000.0,4500.0,-0.8252093622503758,-1.7914966716770455,Talleres,liviano
Flotas,3,Lubricante,Aceite engranajes,Vistony,Vistony,15,1000588,CAJ12 GEAR OIL SYNTHETIC API GL-5 SAE J2360 75W-90 DE 1L,1 L,Frasco/Botella,12,53336,4445,5778,1333,0.2307692307692308,5000.0,8000.0,3000.0,0.13464866735894776,-0.3845621322256836,Flotas,camion_flota
Industria,3,Lubricante,Aceite engranajes,Vistony,Vistony,15,1000588,CAJ12 GEAR OIL SYNTHETIC API GL-5 SAE J2360 75W-90 DE 1L,1 L,Frasco/Botella,12,53336,4445,5778,1333,0.2307692307692308,5000.0,8000.0,3000.0,0.13464866735894776,-0.3845621322256836,Industria,camion_flota
Talleres,1,Lubricante,Aceite engranajes,Vistony,Vistony,15,1000588,CAJ12 GEAR OIL SYNTHETIC API GL-5 SAE J2360 75W-90 DE 1L,1 L,Frasco/Botella,12,53336,4445,5778,1333,0.2307692307692308,5000.0,8000.0,3000.0,0.13464866735894776,-0.3845621322256836,Talleres,camion_flota
Construccion (agro),3,Lubricante,Aceite engranajes,Vistony,Vistony,15,1000588,CAJ12 GEAR OIL SYNTHETIC API GL-5 SAE J2360 75W-90 DE 1L,1 L,Frasco/Botella,12,53336,4445,5778,1333,0.2307692307692308,5000.0,8000.0,3000.0,0.13464866735894776,-0.3845621322256836,Agricola,camion_flota
Concesionarios,1,Lubricante,10W40 semisintetico,Vistony,Vistony,7,1000558,CAJ12 SINTEK OIL S 210 SAE 10W40 ACEA A3/B4 - API SN DE 1L,1 L,Frasco/Botella,12,46163,3847,5001,1154,0.2307692307692308,5000.0,7500.0,2500.0,0.00019996000799837876,-0.4997000599880024,Concesionarios,liviano
Talleres,1,Lubricante,10W40 semisintetico,Vistony,Vistony,7,1000558,CAJ12 SINTEK OIL S 210 SAE 10W40 ACEA A3/B4 - API SN DE 1L,1 L,Frasco/Botella,12,46163,3847,5001,1154,0.2307692307692308,5000.0,7500.0,2500.0,0.00019996000799837876,-0.4997000599880024,Talleres,liviano
Concesionarios,2,Refrigerante/Aditivo Diesel,Refrigerante rojo OAT,Vistony,Vistony,2,1200035,CAJ06 LIQUIDO PARA RADIADOR ROJO - 1 GAL,1 GAL,Galon,6,10891,1815,2360,545,0.2307692307692308,12000.0,16000.0,4000.0,-4.084745762711864,-5.779661016949152,Concesionarios,liviano
Flotas,2,Refrigerante/Aditivo Diesel,Refrigerante rojo OAT,Vistony,Vistony,2,1200035,CAJ06 LIQUIDO PARA RADIADOR ROJO - 1 GAL,1 GAL,Galon,6,10891,1815,2360,545,0.2307692307692308,12000.0,16000.0,4000.0,-4.084745762711864,-5.779661016949152,Flotas,liviano
Talleres,1,Refrigerante/Aditivo Diesel,Refrigerante rojo OAT,Vistony,Vistony,2,1200035,CAJ06 LIQUIDO PARA RADIADOR ROJO - 1 GAL,1 GAL,Galon,6,10891,1815,2360,545,0.2307692307692308,12000.0,16000.0,4000.0,-4.084745762711864,-5.779661016949152,Talleres,liviano
Construccion (agro),2,Refrigerante/Aditivo Diesel,Refrigerante rojo OAT,Vistony,Vistony,2,1200035,CAJ06 LIQUIDO PARA RADIADOR ROJO - 1 GAL,1 GAL,Galon,6,10891,1815,2360,545,0.2307692307692308,12000.0,16000.0,4000.0,-4.084745762711864,-5.779661016949152,Agricola,liviano
Concesionarios,2,Lubricante,5W30 sintetico,Vistony,Vistony,6,1001413,CAJ04 ATTOM S400 SAE 5W-30 API SQ DE 4L,4 L,Galon,4,62633,15658,20356,4698,0.2307692307692308,28000.0,42000.0,14000.0,-0.37551581843191206,-1.0632737276478679,Concesionarios,liviano
Talleres,1,Lubricante,5W30 sintetico,Vistony,Vistony,6,1001413,CAJ04 ATTOM S400 SAE 5W-30 API SQ DE 4L,4 L,Galon,4,62633,15658,20356,4698,0.2307692307692308,28000.0,42000.0,14000.0,-0.37551581843191206,-1.0632737276478679,Talleres,liviano
Concesionarios,2,Lubricante,5W30 sintetico,Vistony,Vistony,4,1000770,CAJ04 ATTOM S400 SAE 5W30 API SP DE 1 GL,1 GL,Galon,4,53112,13278,17262,3984,0.2307692307692308,28000.0,42000.0,14000.0,-0.6220600162206003,-1.4330900243309004,Concesionarios,liviano
Talleres,1,Lubricante,5W30 sintetico,Vistony,Vistony,4,1000770,CAJ04 ATTOM S400 SAE 5W30 API SP DE 1 GL,1 GL,Galon,4,53112,13278,17262,3984,0.2307692307692308,28000.0,42000.0,14000.0,-0.6220600162206003,-1.4330900243309004,Talleres,liviano
Concesionarios,3,Lubricante,5W40 sintetico,Vistony,Vistony,2,1000411,BAL FORZA PLUS SAE 15W40 DE 5 GAL,5 GAL,Balde,1,53245,53245,69218,15973,0.2307692307692308,55000.0,80000.0,25000.0,0.20540899765956833,-0.15576873067699148,Concesionarios,liviano
Talleres,2,Lubricante,5W40 sintetico,Vistony,Vistony,2,1000411,BAL FORZA PLUS SAE 15W40 DE 5 GAL,5 GAL,Balde,1,53245,53245,69218,15973,0.2307692307692308,55000.0,80000.0,25000.0,0.20540899765956833,-0.15576873067699148,Talleres,liviano
Venta Libre (No Especifico),1,Lubricante,Otros,Vistony,Vistony,87,1000781,CAJ12 SINTEK OIL RAYVON 4T 20W50 DE 1 L,1 L,Frasco/Botella,12,45097,3758,4886,1128,0.2307692307692308,,,,1.0,1.0,"Talleres,Concesionarios",liviano
Concesionarios,2,Lubricante,5W40 sintetico,Vistony,Vistony,3,1000409,CAJ06 FORZA PLUS SAE 15W40 DE 1 GAL,1 GAL,Galon,6,73476,12246,15920,3674,0.2307692307692308,28000.0,42000.0,14000.0,-0.7587939698492463,-1.6381909547738696,Concesionarios,liviano
Talleres,1,Lubricante,5W40 sintetico,Vistony,Vistony,3,1000409,CAJ06 FORZA PLUS SAE 15W40 DE 1 GAL,1 GAL,Galon,6,73476,12246,15920,3674,0.2307692307692308,28000.0,42000.0,14000.0,-0.7587939698492463,-1.6381909547738696,Talleres,liviano
Venta Libre (No Especifico),1,Quimico/Cuidado vehicular,Otros,Vistony,Vistony,23,1400100,CAJ12 SPRAY LIMPIA CARBURADOR 10 ONZ / 296 ML,296 ML,Sachet/Spray,12,27044,2254,2930,676,0.2307692307692308,,,,1.0,1.0,"Talleres,Concesionarios",liviano
Venta Libre (No Especifico),1,Lubricante,Otros,Vistony,Vistony,23,1000835,CAJ06 BLINDAX S-CLASS SAE 20W-50 API SG DE 4L,4 L,Galon,6,61212,10202,13262,3060,0.2307692307692308,,,,1.0,1.0,"Talleres,Concesionarios",liviano
Venta Libre (No Especifico),2,Lubricante,Otros,Vistony,Vistony,2,1100010,BAL CHASIS SUPER H-2 ROJO DE 35 LIBRAS,35 LIBRAS,Balde,1,39203,39203,50964,11761,0.2307692307692308,,,,1.0,1.0,"Talleres,Concesionarios",liviano
Venta Libre (No Especifico),1,Lubricante,Otros,Vistony,Vistony,67,1000600,CAJ12 BLINDAX S-CLASS SAE 20W-50 API SG DE 1L,1 L,Frasco/Botella,12,33633,2802,3643,841,0.2307692307692308,,,,1.0,1.0,"Talleres,Concesionarios",liviano
Concesionarios,1,Lubricante,10W40 semisintetico,Vistony,Vistony,1,1000541,CIL SINTEK OIL S210 SAE 10W40 ACEA A3/B4 API SN DE 55 GL,55 GL,Tambor/Cilindro,1,573848,573848,746002,172154,0.2307692307692308,550000.0,750000.0,200000.0,0.2627365610279865,-0.005359234961836545,Concesionarios,liviano
Talleres,3,Lubricante,10W40 semisintetico,Vistony,Vistony,1,1000541,CIL SINTEK OIL S210 SAE 10W40 ACEA A3/B4 API SN DE 55 GL,55 GL,Tambor/Cilindro,1,573848,573848,746002,172154,0.2307692307692308,550000.0,750000.0,200000.0,0.2627365610279865,-0.005359234961836545,Talleres,liviano
Venta Libre (No Especifico),1,Lubricante,Otros,Vistony,Vistony,28,1400096,CAJ12 AFLOJATODO SUPER ZK-90 DE 10 ONZ.,10 ONZ,Sachet/Spray,12,28294,2358,3065,707,0.2307692307692308,,,,1.0,1.0,"Talleres,Concesionarios",liviano
Construccion,1,Lubricante,Hidraulico ISO 68,Vistony,Vistony,2,1000740,CIL DRAULA H 68 DE 55GL,55 GL,Tambor/Cilindro,1,406510,406510,528464,121953,0.2307692307692308,400000.0,550000.0,150000.0,0.2430894062793303,-0.04075206636592088,Construccion,liviano
Industria,1,Lubricante,Hidraulico ISO 68,Vistony,Vistony,2,1000740,CIL DRAULA H 68 DE 55GL,55 GL,Tambor/Cilindro,1,406510,406510,528464,121953,0.2307692307692308,400000.0,550000.0,150000.0,0.2430894062793303,-0.04075206636592088,Industria,liviano
Construccion (agro),1,Lubricante,Hidraulico ISO 68,Vistony,Vistony,2,1000740,CIL DRAULA H 68 DE 55GL,55 GL,Tambor/Cilindro,1,406510,406510,528464,121953,0.2307692307692308,400000.0,550000.0,150000.0,0.2430894062793303,-0.04075206636592088,Agricola,liviano
Concesionarios,3,Lubricante,5W40 sintetico,Vistony,Vistony,4,1000452,BAL FORZA ADVANCED SAE 15W40 DE 5 DE GAL,1 GAL,Balde,1,57886,57886,75251,17366,0.2307692307692308,28000.0,42000.0,14000.0,0.62791192143626,0.44186788215439,Concesionarios,liviano
Talleres,2,Lubricante,5W40 sintetico,Vistony,Vistony,4,1000452,BAL FORZA ADVANCED SAE 15W40 DE 5 DE GAL,1 GAL,Balde,1,57886,57886,75251,17366,0.2307692307692308,28000.0,42000.0,14000.0,0.62791192143626,0.44186788215439,Talleres,liviano
Venta Libre (No Especifico),1,Lubricante,Otros,Vistony,Vistony,9,1200235,CAJ06 ICE FREEZE GMPLUS 50/50 ORANGE DE 1 GAL,1 GAL,Galon,6,43982,7330,9530,2199,0.2307692307692308,,,,1.0,1.0,"Talleres,Concesionarios",liviano
Venta Libre (No Especifico),1,Lubricante,Otros,Vistony,Vistony,86,1000379,CAJ12 RAYVON SUPER 4T 20W50 API SM JASO MA2 DE 1 L,1 L,Frasco/Botella,12,44334,3694,4803,1108,0.2307692307692308,,,,1.0,1.0,"Talleres,Concesionarios",liviano
Venta Libre (No Especifico),1,Quimico/Cuidado vehicular,Otros,Vistony,Vistony,27,1400102,CAJ12 SPRAY LIMPIA CONTACTO DE 10 ONZ / 296ML,296 ML,Sachet/Spray,12,27537,2294,2983,688,0.2307692307692308,,,,1.0,1.0,"Talleres,Concesionarios",liviano
Concesionarios,1,Lubricante,5W40 sintetico,Vistony,Vistony,3,1000469,CIL FORZA RAYGOLD SAE 15W40 API CK-4 DE 55 GAL,55 GAL,Tambor/Cilindro,1,555226,555226,721794,166568,0.2307692307692308,1200000.0,1600000.0,400000.0,-0.6625242105088156,-1.2166989473450873,Concesionarios,camion_flota
Talleres,3,Lubricante,5W40 sintetico,Vistony,Vistony,3,1000469,CIL FORZA RAYGOLD SAE 15W40 API CK-4 DE 55 GAL,55 GAL,Tambor/Cilindro,1,555226,555226,721794,166568,0.2307692307692308,1200000.0,1600000.0,400000.0,-0.6625242105088156,-1.2166989473450873,Talleres,camion_flota
Concesionarios,3,Refrigerante/Aditivo Diesel,Refrigerante verde convencional,Vistony,Vistony,3,1200033,BAL LIQUIDO PARA RADIADOR VERDE 5 GL,5 GL,Balde,1,7942,39712,51626,11914,0.2307692307692308,45000.0,65000.0,20000.0,0.1283461821562778,-0.25905551466315413,Concesionarios,liviano
Talleres,2,Refrigerante/Aditivo Diesel,Refrigerante verde convencional,Vistony,Vistony,3,1200033,BAL LIQUIDO PARA RADIADOR VERDE 5 GL,5 GL,Balde,1,7942,39712,51626,11914,0.2307692307692308,45000.0,65000.0,20000.0,0.1283461821562778,-0.25905551466315413,Talleres,liviano
Construccion (agro),1,Refrigerante/Aditivo Diesel,Refrigerante verde convencional,Vistony,Vistony,3,1200033,BAL LIQUIDO PARA RADIADOR VERDE 5 GL,5 GL,Balde,1,7942,39712,51626,11914,0.2307692307692308,45000.0,65000.0,20000.0,0.1283461821562778,-0.25905551466315413,Agricola,liviano
Concesionarios,1,Grasa,Grasa multiproposito EP2,Vistony,Vistony,2,1100184,CAJ12 GRASA LITHIUM WHITE DE 10 ONZ/296 ML,296 ML,Sachet/Spray,12,33273,2773,3605,832,0.2307692307692308,4500.0,7000.0,2500.0,-0.24826629680998602,-0.941747572815534,Concesionarios,liviano
Talleres,1,Grasa,Grasa multiproposito EP2,Vistony,Vistony,2,1100184,CAJ12 GRASA LITHIUM WHITE DE 10 ONZ/296 ML,296 ML,Sachet/Spray,12,33273,2773,3605,832,0.2307692307692308,4500.0,7000.0,2500.0,-0.24826629680998602,-0.941747572815534,Talleres,liviano
Construccion (agro),3,Grasa,Grasa multiproposito EP2,Vistony,Vistony,2,1100184,CAJ12 GRASA LITHIUM WHITE DE 10 ONZ/296 ML,296 ML,Sachet/Spray,12,33273,2773,3605,832,0.2307692307692308,4500.0,7000.0,2500.0,-0.24826629680998602,-0.941747572815534,Agricola,liviano
Construccion (agro),1,Grasa,Grasa de litio EP2,Vistony,Vistony,2,1100008,BAL EP-2 LITHIUM MULTIPROPOSITO ROJO DE 35 LIBRAS,35 LIBRAS,Balde,1,50529,50529,65687,15159,0.2307692307692308,60000.0,85000.0,25000.0,0.08657725272885042,-0.2940155586341284,Agricola,liviano
Concesionarios,1,Lubricante,10W40 semisintetico,Vistony,Vistony,4,1000808,CAJ12 BLINDAX DUO SAE 10W40 DE 1 LT,1 LT,Frasco/Botella,12,39218,3268,4248,980,0.2307692307692309,5000.0,7500.0,2500.0,-0.17702448210922794,-0.7655367231638419,Concesionarios,liviano
Talleres,1,Lubricante,10W40 semisintetico,Vistony,Vistony,4,1000808,CAJ12 BLINDAX DUO SAE 10W40 DE 1 LT,1 LT,Frasco/Botella,12,39218,3268,4248,980,0.2307692307692309,5000.0,7500.0,2500.0,-0.17702448210922794,-0.7655367231638419,Talleres,liviano
Concesionarios,1,Lubricante,5W40 sintetico,Vistony,Vistony,3,1000407,CAJ12 FORZA PLUS SAE 15W40 DE 1/4 GAL,1/4 GAL,Frasco/Botella,12,43682,3640,4732,1092,0.2307692307692308,8500.0,13000.0,4500.0,-0.7962806424344886,-1.7472527472527473,Concesionarios,liviano
Talleres,1,Lubricante,5W40 sintetico,Vistony,Vistony,3,1000407,CAJ12 FORZA PLUS SAE 15W40 DE 1/4 GAL,1/4 GAL,Frasco/Botella,12,43682,3640,4732,1092,0.2307692307692308,8500.0,13000.0,4500.0,-0.7962806424344886,-1.7472527472527473,Talleres,liviano
Concesionarios,1,Refrigerante/Aditivo Diesel,Refrigerante azul HOAT,Vistony,Vistony,1,1200195,IBC AIRBLUE DEF DE 1000LT,1000 LT,Contenedor IBC,1,471514,471514,612969,141454,0.2307692307692308,300000.0,450000.0,150000.0,0.5105788384078151,0.2658682576117226,Concesionarios,liviano
Talleres,3,Refrigerante/Aditivo Diesel,Refrigerante azul HOAT,Vistony,Vistony,1,1200195,IBC AIRBLUE DEF DE 1000LT,1000 LT,Contenedor IBC,1,471514,471514,612969,141454,0.2307692307692308,300000.0,450000.0,150000.0,0.5105788384078151,0.2658682576117226,Talleres,liviano
Venta Libre (No Especifico),2,Lubricante,Otros,Vistony,Vistony,1,1000443,BAL FORZA ULTRA D SAE 30 DE 5 GAL,5 GAL,Balde,1,38114,38114,49548,11434,0.2307692307692308,,,,1.0,1.0,"Talleres,Concesionarios",liviano
Venta Libre (No Especifico),1,Lubricante,Otros,Vistony,Vistony,11,1000094,CAJ06 AQUAOIL SUPER 2T TC-W3 DE 1 GAL,1 GAL,Galon,6,44902,7483,9728,2245,0.2307692307692308,,,,1.0,1.0,"Talleres,Concesionarios",liviano
Venta Libre (No Especifico),3,Lubricante,Otros,Vistony,Vistony,4,1000705,CIL VELTRON ISO VG 320 DE 55 GAL,55 GAL,Tambor/Cilindro,1,410984,410984,534279,123295,0.2307692307692309,,,,1.0,1.0,"Talleres,Concesionarios",liviano
Venta Libre (No Especifico),1,Lubricante,Otros,Vistony,Vistony,57,1400001,CAJ12 MOTOR FLUSH DE 443 ML,443 ML,Frasco/Botella,12,28574,2381,3095,714,0.2307692307692308,,,,1.0,1.0,"Talleres,Concesionarios",liviano
Flotas,1,Lubricante,Aceite engranajes,Vistony,Vistony,7,1000897,BAL TRANSMEC SYNTHETIC SAE 75W90 DE 5 GAL,5 GAL,Balde,1,89377,89377,116190,26813,0.2307692307692308,70000.0,90000.0,20000.0,0.39753851450210864,0.22540666150271105,Flotas,camion_flota
Industria,1,Lubricante,Aceite engranajes,Vistony,Vistony,7,1000897,BAL TRANSMEC SYNTHETIC SAE 75W90 DE 5 GAL,5 GAL,Balde,1,89377,89377,116190,26813,0.2307692307692308,70000.0,90000.0,20000.0,0.39753851450210864,0.22540666150271105,Industria,camion_flota
Talleres,2,Lubricante,Aceite engranajes,Vistony,Vistony,7,1000897,BAL TRANSMEC SYNTHETIC SAE 75W90 DE 5 GAL,5 GAL,Balde,1,89377,89377,116190,26813,0.2307692307692308,70000.0,90000.0,20000.0,0.39753851450210864,0.22540666150271105,Talleres,camion_flota
Construccion (agro),1,Lubricante,Aceite engranajes,Vistony,Vistony,7,1000897,BAL TRANSMEC SYNTHETIC SAE 75W90 DE 5 GAL,5 GAL,Balde,1,89377,89377,116190,26813,0.2307692307692308,70000.0,90000.0,20000.0,0.39753851450210864,0.22540666150271105,Agricola,camion_flota
Venta Libre (No Especifico),1,Quimico/Cuidado vehicular,Otros,Vistony,Vistony,20,1400197,CAJ06 PULVERIZADOR DE MOTOR LOTOX DE 1 GL,1 GL,Galon,6,56042,9341,12143,2802,0.2307692307692308,,,,1.0,1.0,"Talleres,Concesionarios",liviano
Venta Libre (No Especifico),3,Lubricante,Otros,Vistony,Vistony,5,1000153,CIL TRAKOIL 10W30 DE 55 GAL,55 GAL,Tambor/Cilindro,1,424627,424627,552015,127388,0.2307692307692307,,,,1.0,1.0,"Talleres,Concesionarios",liviano
Concesionarios,3,Lubricante,5W40 sintetico,Vistony,Vistony,1,1000649,BAL VOLTEK C300 SAE 5W40 API CK-4 DE 5 GAL,5 GAL,Balde,1,52957,52957,68844,15887,0.2307692307692308,55000.0,80000.0,25000.0,0.2010923246760793,-0.16204752774388465,Concesionarios,camion_flota
Talleres,2,Lubricante,5W40 sintetico,Vistony,Vistony,1,1000649,BAL VOLTEK C300 SAE 5W40 API CK-4 DE 5 GAL,5 GAL,Balde,1,52957,52957,68844,15887,0.2307692307692308,55000.0,80000.0,25000.0,0.2010923246760793,-0.16204752774388465,Talleres,camion_flota
Venta Libre (No Especifico),1,Aditivo,Otros,Vistony,Vistony,38,1600030,CAJ12 ADITIVO ANTIHUMO NO SMOKE DE 410 ML,410 ML,Frasco/Botella,12,24038,2003,2604,601,0.2307692307692308,,,,1.0,1.0,"Talleres,Concesionarios",liviano
Venta Libre (No Especifico),3,Lubricante,Otros,Vistony,Vistony,15,1000703,CIL VELTRON ISO VG 220 DE 55 GAL,55 GAL,Tambor/Cilindro,1,518492,518492,674040,155548,0.2307692307692308,,,,1.0,1.0,"Talleres,Concesionarios",liviano
Venta Libre (No Especifico),2,Lubricante,Otros,Vistony,Vistony,5,1000702,BAL VELTRON ISO VG 220 DE 5 GAL,5 GAL,Balde,1,43193,43193,56151,12958,0.2307692307692308,,,,1.0,1.0,"Talleres,Concesionarios",liviano
Concesionarios,3,Lubricante,10W40 semisintetico,Vistony,Vistony,1,1000964,BAL VOLTEK C300 10W40 DE 5 GAL,5 GAL,Balde,1,55033,55033,71543,16510,0.2307692307692307,75000.0,95000.0,20000.0,-0.048320590414156595,-0.3278727478579315,Concesionarios,liviano
Talleres,2,Lubricante,10W40 semisintetico,Vistony,Vistony,1,1000964,BAL VOLTEK C300 10W40 DE 5 GAL,5 GAL,Balde,1,55033,55033,71543,16510,0.2307692307692307,75000.0,95000.0,20000.0,-0.048320590414156595,-0.3278727478579315,Talleres,liviano
Venta Libre (No Especifico),3,Lubricante,Otros,Vistony,Vistony,14,1000017,CIL MUTURROL DE 55 GAL,55 GAL,Tambor/Cilindro,1,508583,508583,661158,152575,0.2307692307692308,,,,1.0,1.0,"Talleres,Concesionarios",liviano
Venta Libre (No Especifico),1,Aditivo,Otros,Vistony,Vistony,19,1600011,CAJ12 ADITIVO ESPECIAL PARA DIESEL DE 300 ML,300 ML,Sachet/Spray,12,23887,1990,2588,597,0.2307692307692307,,,,1.0,1.0,"Talleres,Concesionarios",liviano
Flotas,1,Lubricante,Aceite engranajes,Vistony,Vistony,4,1000142,CIL GEAR OIL GL-5 SAE 85W140 DE 55 GL,55 GL,Tambor/Cilindro,1,617349,617349,802553,185205,0.2307692307692308,800000.0,1100000.0,300000.0,0.003181098319986364,-0.3706259898100188,Flotas,liviano
Industria,1,Lubricante,Aceite engranajes,Vistony,Vistony,4,1000142,CIL GEAR OIL GL-5 SAE 85W140 DE 55 GL,55 GL,Tambor/Cilindro,1,617349,617349,802553,185205,0.2307692307692308,800000.0,1100000.0,300000.0,0.003181098319986364,-0.3706259898100188,Industria,liviano
Talleres,3,Lubricante,Aceite engranajes,Vistony,Vistony,4,1000142,CIL GEAR OIL GL-5 SAE 85W140 DE 55 GL,55 GL,Tambor/Cilindro,1,617349,617349,802553,185205,0.2307692307692308,800000.0,1100000.0,300000.0,0.003181098319986364,-0.3706259898100188,Talleres,liviano
Construccion (agro),1,Lubricante,Aceite engranajes,Vistony,Vistony,4,1000142,CIL GEAR OIL GL-5 SAE 85W140 DE 55 GL,55 GL,Tambor/Cilindro,1,617349,617349,802553,185205,0.2307692307692308,800000.0,1100000.0,300000.0,0.003181098319986364,-0.3706259898100188,Agricola,liviano
Construccion (agro),3,Grasa,Grasa de litio EP2,Vistony,Vistony,4,1100275,CAJ12 EP-2 LITHIUM MULTIPROPOSITO ROJO DE 210 GRS,210 GRS,Tarro,12,11956,996,1295,299,0.2307692307692308,4500.0,7000.0,2500.0,-2.474903474903475,-4.405405405405405,Agricola,liviano
Venta Libre (No Especifico),2,Lubricante,Otros,Vistony,Vistony,3,1100011,BAL CHASIS SUPER H-2 NEGRA DE 35 LIBRAS,35 LIBRAS,Balde,1,40457,40457,52594,12137,0.2307692307692308,,,,1.0,1.0,"Talleres,Concesionarios",liviano
Industria,1,Lubricante,Hidraulico ISO 32,Vistony,Vistony,1,1000112,CIL DRAULA H32 DE 55 GAL,55 GAL,Tambor/Cilindro,1,395734,395734,514454,118720,0.2307692307692308,400000.0,550000.0,150000.0,0.22247664514222842,-0.06909461292943586,Industria,liviano
Construccion (agro),1,Lubricante,Hidraulico ISO 32,Vistony,Vistony,1,1000112,CIL DRAULA H32 DE 55 GAL,55 GAL,Tambor/Cilindro,1,395734,395734,514454,118720,0.2307692307692308,400000.0,550000.0,150000.0,0.22247664514222842,-0.06909461292943586,Agricola,liviano
Concesionarios,3,Refrigerante/Aditivo Diesel,Refrigerante azul HOAT,Vistony,Vistony,1,1200212,BAL AIRBLUE DEF DE 20 L,20 L,Balde,1,19294,19294,25082,5788,0.2307692307692308,45000.0,65000.0,20000.0,-0.7941153018100631,-1.591499880392313,Concesionarios,liviano
Talleres,2,Refrigerante/Aditivo Diesel,Refrigerante azul HOAT,Vistony,Vistony,1,1200212,BAL AIRBLUE DEF DE 20 L,20 L,Balde,1,19294,19294,25082,5788,0.2307692307692308,45000.0,65000.0,20000.0,-0.7941153018100631,-1.591499880392313,Talleres,liviano
Concesionarios,1,Refrigerante/Aditivo Diesel,Refrigerante azul HOAT,Vistony,Vistony,1,1200120,CIL AIRBLUE - UREA AUTOMOTRIZ de 208 L,208 L,Tambor/Cilindro,1,194372,194372,252684,58312,0.2307692307692308,300000.0,450000.0,150000.0,-0.18725364486868967,-0.7808804673030347,Concesionarios,liviano
Talleres,3,Refrigerante/Aditivo Diesel,Refrigerante azul HOAT,Vistony,Vistony,1,1200120,CIL AIRBLUE - UREA AUTOMOTRIZ de 208 L,208 L,Tambor/Cilindro,1,194372,194372,252684,58312,0.2307692307692308,300000.0,450000.0,150000.0,-0.18725364486868967,-0.7808804673030347,Talleres,liviano
Venta Libre (No Especifico),2,Lubricante,Otros,Vistony,Vistony,6,1000157,BAL DRAULACAT TO-4 SAE 30 DE 5 GL,5 GL,Balde,1,43531,43531,56591,13059,0.2307692307692308,,,,1.0,1.0,"Talleres,Concesionarios",liviano
Venta Libre (No Especifico),1,Quimico/Cuidado vehicular,Otros,Vistony,Vistony,19,1400169,CAJ12 LIMPIA TAPIZ LOTOX DE 650 ML,650 ML,Frasco/Botella,12,15375,1282,1666,384,0.2307692307692308,,,,1.0,1.0,"Talleres,Concesionarios",liviano
Concesionarios,1,Grasa,Grasa multiproposito EP2,Vistony,Vistony,2,1100290,CAJ12 GRAFITADA PARA PALIERES DE 210 GRS,210 GRS,Tarro,12,12546,1046,1359,314,0.2307692307692308,4500.0,7000.0,2500.0,-2.3112582781456954,-4.15084621044886,Concesionarios,liviano
Talleres,1,Grasa,Grasa multiproposito EP2,Vistony,Vistony,2,1100290,CAJ12 GRAFITADA PARA PALIERES DE 210 GRS,210 GRS,Tarro,12,12546,1046,1359,314,0.2307692307692308,4500.0,7000.0,2500.0,-2.3112582781456954,-4.15084621044886,Talleres,liviano
Construccion (agro),3,Grasa,Grasa multiproposito EP2,Vistony,Vistony,2,1100290,CAJ12 GRAFITADA PARA PALIERES DE 210 GRS,210 GRS,Tarro,12,12546,1046,1359,314,0.2307692307692308,4500.0,7000.0,2500.0,-2.3112582781456954,-4.15084621044886,Agricola,liviano
Construccion,3,Lubricante,Hidraulico ISO 68,Vistony,Vistony,1,1000786,LIT DRAULA H 68,1 L,Frasco/Botella,1,1585,1585,2060,475,0.2307692307692308,3000.0,5000.0,2000.0,-0.4563106796116505,-1.4271844660194173,Construccion,liviano
Industria,3,Lubricante,Hidraulico ISO 68,Vistony,Vistony,1,1000786,LIT DRAULA H 68,1 L,Frasco/Botella,1,1585,1585,2060,475,0.2307692307692308,3000.0,5000.0,2000.0,-0.4563106796116505,-1.4271844660194173,Industria,liviano
Construccion (agro),3,Lubricante,Hidraulico ISO 68,Vistony,Vistony,1,1000786,LIT DRAULA H 68,1 L,Frasco/Botella,1,1585,1585,2060,475,0.2307692307692308,3000.0,5000.0,2000.0,-0.4563106796116505,-1.4271844660194173,Agricola,liviano
Venta Libre (No Especifico),1,Lubricante,Otros,Vistony,Vistony,89,1000779,CAJ12 RAYVON FORK OIL 10W DE 1 L,1 L,Frasco/Botella,12,46371,3864,5023,1159,0.2307692307692308,,,,1.0,1.0,"Talleres,Concesionarios",liviano
Venta Libre (No Especifico),3,Lubricante,Otros,Vistony,Vistony,6,1000839,CIL FORZA TRUCK SAE 20W-50 DE 55 GAL,55 GAL,Tambor/Cilindro,1,430375,430375,559488,129113,0.2307692307692308,,,,1.0,1.0,"Talleres,Concesionarios",liviano
Venta Libre (No Especifico),2,Lubricante,Otros,Vistony,Vistony,14,1000708,BAL VELTRON ISO VG 680 DE 5 GAL,5 GAL,Balde,1,52639,52639,68431,15792,0.2307692307692308,,,,1.0,1.0,"Talleres,Concesionarios",liviano
Construccion (agro),3,Grasa,Grasa de litio EP2,Vistony,Vistony,5,1100276,CAJ24 EP-2 LITHIUM MULTIPROPOSITO ROJO DE 210 GRS,210 GRS,Tarro,24,24044,1002,1302,300,0.2307692307692308,4500.0,7000.0,2500.0,-2.456221198156682,-4.376344086021505,Agricola,liviano
Flotas,3,Lubricante,Aceite engranajes,Vistony,Vistony,8,1000127,CAJ12 GEAR OIL GL-5 SAE 85W140 DE 0.946 LT,0.946 LT,Frasco/Botella,12,40374,3365,4374,1009,0.2307692307692308,5000.0,8000.0,3000.0,-0.14311842706904443,-0.828989483310471,Flotas,liviano
Industria,3,Lubricante,Aceite engranajes,Vistony,Vistony,8,1000127,CAJ12 GEAR OIL GL-5 SAE 85W140 DE 0.946 LT,0.946 LT,Frasco/Botella,12,40374,3365,4374,1009,0.2307692307692308,5000.0,8000.0,3000.0,-0.14311842706904443,-0.828989483310471,Industria,liviano
Talleres,1,Lubricante,Aceite engranajes,Vistony,Vistony,8,1000127,CAJ12 GEAR OIL GL-5 SAE 85W140 DE 0.946 LT,0.946 LT,Frasco/Botella,12,40374,3365,4374,1009,0.2307692307692308,5000.0,8000.0,3000.0,-0.14311842706904443,-0.828989483310471,Talleres,liviano
Construccion (agro),3,Lubricante,Aceite engranajes,Vistony,Vistony,8,1000127,CAJ12 GEAR OIL GL-5 SAE 85W140 DE 0.946 LT,0.946 LT,Frasco/Botella,12,40374,3365,4374,1009,0.2307692307692308,5000.0,8000.0,3000.0,-0.14311842706904443,-0.828989483310471,Agricola,liviano
Construccion,1,Lubricante,Hidraulico ISO 46,Vistony,Vistony,1,1000083,BAL DRAULA H 46 DE 5 GAL,5 GAL,Balde,1,36069,36069,46889,10821,0.2307692307692308,40000.0,60000.0,20000.0,0.14692145279276592,-0.27961782081085107,Construccion,liviano
Industria,1,Lubricante,Hidraulico ISO 46,Vistony,Vistony,1,1000083,BAL DRAULA H 46 DE 5 GAL,5 GAL,Balde,1,36069,36069,46889,10821,0.2307692307692308,40000.0,60000.0,20000.0,0.14692145279276592,-0.27961782081085107,Industria,liviano
Construccion (agro),1,Lubricante,Hidraulico ISO 46,Vistony,Vistony,1,1000083,BAL DRAULA H 46 DE 5 GAL,5 GAL,Balde,1,36069,36069,46889,10821,0.2307692307692308,40000.0,60000.0,20000.0,0.14692145279276592,-0.27961782081085107,Agricola,liviano
Construccion,3,Quimico/Cuidado vehicular,Concentrado 50/50 industrial,Vistony,Vistony,1,1400079,CAJ12 LIMPIA RADIADOR DE LATA DE 300 ML,300 ML,Sachet/Spray,12,27574,2298,2987,689,0.2307692307692308,3500.0,5500.0,2000.0,-0.17174422497489128,-0.841312353531972,Construccion,liviano
Industria,3,Quimico/Cuidado vehicular,Concentrado 50/50 industrial,Vistony,Vistony,1,1400079,CAJ12 LIMPIA RADIADOR DE LATA DE 300 ML,300 ML,Sachet/Spray,12,27574,2298,2987,689,0.2307692307692308,3500.0,5500.0,2000.0,-0.17174422497489128,-0.841312353531972,Industria,liviano
Venta Libre (No Especifico),2,Lubricante,Otros,Vistony,Vistony,11,1000440,BAL FORZA VIS SAE 25W60 API CF-4 DE 5 GAL,5 GAL,Balde,1,47454,47454,61690,14236,0.2307692307692308,,,,1.0,1.0,"Talleres,Concesionarios",liviano
Flotas,1,Lubricante,Aceite engranajes,Vistony,Vistony,3,1000143,CIL GEAR OIL GL-5 SAE 80W90 DE 55 GL,55 GL,Tambor/Cilindro,1,557444,557444,724677,167233,0.2307692307692308,800000.0,1100000.0,300000.0,-0.10394010021016253,-0.5179176377889736,Flotas,camion_flota
Industria,1,Lubricante,Aceite engranajes,Vistony,Vistony,3,1000143,CIL GEAR OIL GL-5 SAE 80W90 DE 55 GL,55 GL,Tambor/Cilindro,1,557444,557444,724677,167233,0.2307692307692308,800000.0,1100000.0,300000.0,-0.10394010021016253,-0.5179176377889736,Industria,camion_flota
Talleres,3,Lubricante,Aceite engranajes,Vistony,Vistony,3,1000143,CIL GEAR OIL GL-5 SAE 80W90 DE 55 GL,55 GL,Tambor/Cilindro,1,557444,557444,724677,167233,0.2307692307692308,800000.0,1100000.0,300000.0,-0.10394010021016253,-0.5179176377889736,Talleres,camion_flota
Construccion (agro),1,Lubricante,Aceite engranajes,Vistony,Vistony,3,1000143,CIL GEAR OIL GL-5 SAE 80W90 DE 55 GL,55 GL,Tambor/Cilindro,1,557444,557444,724677,167233,0.2307692307692308,800000.0,1100000.0,300000.0,-0.10394010021016253,-0.5179176377889736,Agricola,camion_flota
Concesionarios,3,Grasa,Grasa multiproposito EP2,Vistony,Vistony,1,1100284,BAL COMPLEJO DE LITIO NLGI 2 DE 35 LIBRAS,35 LIBRAS,Balde,1,59926,59926,77903,17978,0.2307692307692308,60000.0,85000.0,25000.0,0.22981143216564193,-0.09110047109867403,Concesionarios,liviano
Talleres,2,Grasa,Grasa multiproposito EP2,Vistony,Vistony,1,1100284,BAL COMPLEJO DE LITIO NLGI 2 DE 35 LIBRAS,35 LIBRAS,Balde,1,59926,59926,77903,17978,0.2307692307692308,60000.0,85000.0,25000.0,0.22981143216564193,-0.09110047109867403,Talleres,liviano
Construccion (agro),1,Grasa,Grasa multiproposito EP2,Vistony,Vistony,1,1100284,BAL COMPLEJO DE LITIO NLGI 2 DE 35 LIBRAS,35 LIBRAS,Balde,1,59926,59926,77903,17978,0.2307692307692308,60000.0,85000.0,25000.0,0.22981143216564193,-0.09110047109867403,Agricola,liviano
Venta Libre (No Especifico),1,Aditivo,Otros,Vistony,Vistony,55,1600002,CAJ12 ADITIVO ESPECIAL PARA DIESEL DE 443 ML,443 ML,Frasco/Botella,12,28062,2338,3040,702,0.2307692307692308,,,,1.0,1.0,"Talleres,Concesionarios",liviano
Venta Libre (No Especifico),1,Lubricante,Otros,Vistony,Vistony,2,1200141,CAJ06 AGUA P/ BATERIA DE 1 GAL,1 GAL,Galon,6,10040,1674,2176,502,0.2307692307692308,,,,1.0,1.0,"Talleres,Concesionarios",liviano
Venta Libre (No Especifico),3,Lubricante,Otros,Vistony,Vistony,19,1001182,BRIKSON HD SYNTH ATF A8 DE 55 GAL,55 GAL,Tambor/Cilindro,1,1147467,1147467,1491707,344240,0.2307692307692309,,,,1.0,1.0,"Talleres,Concesionarios",liviano
Venta Libre (No Especifico),1,Quimico/Cuidado vehicular,Otros,Vistony,Vistony,65,1400195,CAJ12 PULVERIZADOR DE MOTOR LOTOX DE 650 ML,650 ML,Frasco/Botella,12,32459,2705,3516,811,0.2307692307692308,,,,1.0,1.0,"Talleres,Concesionarios",liviano
Concesionarios,1,Lubricante,5W40 sintetico,Vistony,Vistony,4,1000412,CIL FORZA PLUS SAE 15W40 DE 55 GAL,55 GAL,Tambor/Cilindro,1,584349,584349,759653,175305,0.2307692307692308,1200000.0,1600000.0,400000.0,-0.5796686118530434,-1.1062248158040577,Concesionarios,liviano
Talleres,3,Lubricante,5W40 sintetico,Vistony,Vistony,4,1000412,CIL FORZA PLUS SAE 15W40 DE 55 GAL,55 GAL,Tambor/Cilindro,1,584349,584349,759653,175305,0.2307692307692308,1200000.0,1600000.0,400000.0,-0.5796686118530434,-1.1062248158040577,Talleres,liviano
Flotas,1,Lubricante,Aceite engranajes,Vistony,Vistony,4,1000140,BAL GEAR OIL GL-5 SAE 85W140 DE 5 GL,5 GL,Balde,1,61970,61970,80562,18591,0.2307692307692308,70000.0,90000.0,20000.0,0.13110399443906562,-0.11715200714977292,Flotas,liviano
Industria,1,Lubricante,Aceite engranajes,Vistony,Vistony,4,1000140,BAL GEAR OIL GL-5 SAE 85W140 DE 5 GL,5 GL,Balde,1,61970,61970,80562,18591,0.2307692307692308,70000.0,90000.0,20000.0,0.13110399443906562,-0.11715200714977292,Industria,liviano
Talleres,2,Lubricante,Aceite engranajes,Vistony,Vistony,4,1000140,BAL GEAR OIL GL-5 SAE 85W140 DE 5 GL,5 GL,Balde,1,61970,61970,80562,18591,0.2307692307692308,70000.0,90000.0,20000.0,0.13110399443906562,-0.11715200714977292,Talleres,liviano
Construccion (agro),1,Lubricante,Aceite engranajes,Vistony,Vistony,4,1000140,BAL GEAR OIL GL-5 SAE 85W140 DE 5 GL,5 GL,Balde,1,61970,61970,80562,18591,0.2307692307692308,70000.0,90000.0,20000.0,0.13110399443906562,-0.11715200714977292,Agricola,liviano
Construccion (agro),3,Grasa,Grasa de litio EP2,Vistony,Vistony,6,1100260,CAJ12 EP-2 LITHIUM MULTIPROPOSITO AMARILLO DE 210 GRS,210 GRS,Tarro,12,12592,1050,1364,315,0.2307692307692308,4500.0,7000.0,2500.0,-2.2991202346041058,-4.131964809384164,Agricola,liviano
Venta Libre (No Especifico),1,Quimico/Cuidado vehicular,Otros,Vistony,Vistony,6,1500326,CAJ06 LIMPIA PARABRISAS LOTOX DE 1 GL,1 GL,Galon,6,15782,2630,3420,789,0.2307692307692308,,,,1.0,1.0,"Talleres,Concesionarios",liviano
Venta Libre (No Especifico),3,Lubricante,Otros,Vistony,Vistony,17,1000666,AGROX 2T SYNTHETIC DE 55 GL,55 GL,Tambor/Cilindro,1,617183,617183,802338,185155,0.2307692307692308,,,,1.0,1.0,"Talleres,Concesionarios",liviano
Concesionarios,3,Lubricante,5W40 sintetico,Vistony,Vistony,5,1000470,BAL FORZA RAYGOLD SAE 15W40 API CK-4 DE 5 GAL,5 GAL,Balde,1,65623,65623,85310,19687,0.2307692307692308,55000.0,80000.0,25000.0,0.35529246278279214,0.06224358222951587,Concesionarios,camion_flota
Talleres,2,Lubricante,5W40 sintetico,Vistony,Vistony,5,1000470,BAL FORZA RAYGOLD SAE 15W40 API CK-4 DE 5 GAL,5 GAL,Balde,1,65623,65623,85310,19687,0.2307692307692308,55000.0,80000.0,25000.0,0.35529246278279214,0.06224358222951587,Talleres,camion_flota
Venta Libre (No Especifico),2,Lubricante,Otros,Vistony,Vistony,12,1000105,BAL TRAKOIL 10W30 DE 5 GAL,5 GAL,Balde,1,51300,51300,66690,15390,0.2307692307692308,,,,1.0,1.0,"Talleres,Concesionarios",liviano
Venta Libre (No Especifico),2,Lubricante,Otros,Vistony,Vistony,8,1000840,BAL FORZA TRUCK SAE 20W-50 5GL,5 GL,Balde,1,44718,44718,58134,13416,0.2307692307692308,,,,1.0,1.0,"Talleres,Concesionarios",liviano
Venta Libre (No Especifico),1,Lubricante,Otros,Vistony,Vistony,85,1000554,CAJ12 SINTEK OIL S 210 SAE 10W30 ACEA A3/B4 - API SN DE 1L,1 L,Frasco/Botella,12,43519,3626,4714,1088,0.2307692307692308,,,,1.0,1.0,"Talleres,Concesionarios",liviano
Venta Libre (No Especifico),1,Lubricante,Otros,Vistony,Vistony,78,1001375,CAJ12 AGROX 2T SYNTHETIC DE 1 L,1 L,Frasco/Botella,12,40995,3416,4441,1025,0.2307692307692308,,,,1.0,1.0,"Talleres,Concesionarios",liviano
Concesionarios,1,Refrigerante/Aditivo Diesel,Refrigerante verde convencional,Vistony,Vistony,2,1200088,CAJ12 COOLANT ICE FREEZE ORGANICO (OAT) CONCENTRATE EXTENDED LIFE GREEN DE 1/4 GL,1/4 GL,Frasco/Botella,12,35954,2996,3895,899,0.2307692307692308,3500.0,5500.0,2000.0,0.10141206675224645,-0.4120667522464698,Concesionarios,liviano
Talleres,1,Refrigerante/Aditivo Diesel,Refrigerante verde convencional,Vistony,Vistony,2,1200088,CAJ12 COOLANT ICE FREEZE ORGANICO (OAT) CONCENTRATE EXTENDED LIFE GREEN DE 1/4 GL,1/4 GL,Frasco/Botella,12,35954,2996,3895,899,0.2307692307692308,3500.0,5500.0,2000.0,0.10141206675224645,-0.4120667522464698,Talleres,liviano
Construccion (agro),3,Refrigerante/Aditivo Diesel,Refrigerante verde convencional,Vistony,Vistony,2,1200088,CAJ12 COOLANT ICE FREEZE ORGANICO (OAT) CONCENTRATE EXTENDED LIFE GREEN DE 1/4 GL,1/4 GL,Frasco/Botella,12,35954,2996,3895,899,0.2307692307692308,3500.0,5500.0,2000.0,0.10141206675224645,-0.4120667522464698,Agricola,liviano
Venta Libre (No Especifico),1,Quimico/Cuidado vehicular,Otros,Vistony,Vistony,3,1500014,CAJ24 AROMATIZADOR FRESHCAR 59ML,59 ML,Sachet/Spray,24,13365,557,724,167,0.2307692307692308,,,,1.0,1.0,"Talleres,Concesionarios",liviano
Concesionarios,2,Lubricante,5W40 sintetico,Vistony,Vistony,5,1000568,CAJ04 ATTOM S310 SAE 5W40 ACEA A5/B5-API SN DE 4L,4 L,Galon,4,55458,13865,18024,4159,0.2307692307692308,28000.0,42000.0,14000.0,-0.5534842432312472,-1.3302263648468706,Concesionarios,liviano
Talleres,1,Lubricante,5W40 sintetico,Vistony,Vistony,5,1000568,CAJ04 ATTOM S310 SAE 5W40 ACEA A5/B5-API SN DE 4L,4 L,Galon,4,55458,13865,18024,4159,0.2307692307692308,28000.0,42000.0,14000.0,-0.5534842432312472,-1.3302263648468706,Talleres,liviano
Concesionarios,3,Grasa,Grasa multiproposito EP2,Vistony,Vistony,1,1100208,BAL COMPLEJO DE LITIO NLGI 2 DE 16 KG,16 KG,Balde,1,59926,59926,77903,17978,0.2307692307692308,60000.0,85000.0,25000.0,0.22981143216564193,-0.09110047109867403,Concesionarios,liviano
Talleres,2,Grasa,Grasa multiproposito EP2,Vistony,Vistony,1,1100208,BAL COMPLEJO DE LITIO NLGI 2 DE 16 KG,16 KG,Balde,1,59926,59926,77903,17978,0.2307692307692308,60000.0,85000.0,25000.0,0.22981143216564193,-0.09110047109867403,Talleres,liviano
Construccion (agro),1,Grasa,Grasa multiproposito EP2,Vistony,Vistony,1,1100208,BAL COMPLEJO DE LITIO NLGI 2 DE 16 KG,16 KG,Balde,1,59926,59926,77903,17978,0.2307692307692308,60000.0,85000.0,25000.0,0.22981143216564193,-0.09110047109867403,Agricola,liviano
Venta Libre (No Especifico),1,Lubricante,Otros,Vistony,Vistony,28,1000234,CAJ06 ATF BRIKSON III DE GAL,1 GAL,Galon,6,67493,11249,14623,3375,0.2307692307692308,,,,1.0,1.0,"Talleres,Concesionarios",liviano
Venta Libre (No Especifico),1,Aditivo,Otros,Vistony,Vistony,70,1600005,CAJ12 ADITIVO PARA MOTOR GASOLINERO DE 443 ML,443 ML,Frasco/Botella,12,34874,2906,3778,872,0.2307692307692308,,,,1.0,1.0,"Talleres,Concesionarios",liviano
Venta Libre (No Especifico),1,Quimico/Cuidado vehicular,Otros,Vistony,Vistony,8,1400161,CAJ06 SHAMPOO LOTOX SUPER CONCENTRADO 3 EN 1 DE 1 GAL,1 GAL,Galon,6,35821,5970,7762,1791,0.2307692307692308,,,,1.0,1.0,"Talleres,Concesionarios",liviano
Venta Libre (No Especifico),2,Lubricante,Otros,Vistony,Vistony,16,1000009,BAL MUTURROL DE 5 GAL,5 GAL,Balde,1,59338,59338,77139,17801,0.2307692307692307,,,,1.0,1.0,"Talleres,Concesionarios",liviano
Concesionarios,1,Grasa,Grasa multiproposito EP2,Vistony,Vistony,5,1100293,CAJ12 GRAFITADA PARA PALIERES DE 453 GRS,453 GRS,Tarro,12,25414,2118,2753,635,0.2307692307692308,4500.0,7000.0,2500.0,-0.6345804576825282,-1.5426807119505992,Concesionarios,liviano
Talleres,1,Grasa,Grasa multiproposito EP2,Vistony,Vistony,5,1100293,CAJ12 GRAFITADA PARA PALIERES DE 453 GRS,453 GRS,Tarro,12,25414,2118,2753,635,0.2307692307692308,4500.0,7000.0,2500.0,-0.6345804576825282,-1.5426807119505992,Talleres,liviano
Construccion (agro),3,Grasa,Grasa multiproposito EP2,Vistony,Vistony,5,1100293,CAJ12 GRAFITADA PARA PALIERES DE 453 GRS,453 GRS,Tarro,12,25414,2118,2753,635,0.2307692307692308,4500.0,7000.0,2500.0,-0.6345804576825282,-1.5426807119505992,Agricola,liviano
Venta Libre (No Especifico),1,Aditivo,Otros,Vistony,Vistony,25,1600025,CAJ12 ADITIVO PARA COMBUSTIBLE GASOLINERO DE 300 ML,300 ML,Sachet/Spray,12,27435,2286,2972,686,0.2307692307692308,,,,1.0,1.0,"Talleres,Concesionarios",liviano
Flotas,1,Lubricante,Aceite engranajes,Vistony,Vistony,3,1000139,BAL GEAR OIL GL-5 SAE 80W90 DE 5 GL,5 GL,Balde,1,55432,55432,72062,16630,0.2307692307692308,70000.0,90000.0,20000.0,0.028614248841275614,-0.24892453720407426,Flotas,camion_flota
Industria,1,Lubricante,Aceite engranajes,Vistony,Vistony,3,1000139,BAL GEAR OIL GL-5 SAE 80W90 DE 5 GL,5 GL,Balde,1,55432,55432,72062,16630,0.2307692307692308,70000.0,90000.0,20000.0,0.028614248841275614,-0.24892453720407426,Industria,camion_flota
Talleres,2,Lubricante,Aceite engranajes,Vistony,Vistony,3,1000139,BAL GEAR OIL GL-5 SAE 80W90 DE 5 GL,5 GL,Balde,1,55432,55432,72062,16630,0.2307692307692308,70000.0,90000.0,20000.0,0.028614248841275614,-0.24892453720407426,Talleres,camion_flota
Construccion (agro),1,Lubricante,Aceite engranajes,Vistony,Vistony,3,1000139,BAL GEAR OIL GL-5 SAE 80W90 DE 5 GL,5 GL,Balde,1,55432,55432,72062,16630,0.2307692307692308,70000.0,90000.0,20000.0,0.028614248841275614,-0.24892453720407426,Agricola,camion_flota
Concesionarios,1,Grasa,Grasa multiproposito EP2,Vistony,Vistony,4,1100294,CAJ24 GRAFITADA PARA PALIERES DE 453 GRS,453 GRS,Tarro,24,48670,2028,2636,608,0.2307692307692308,4500.0,7000.0,2500.0,-0.7071320182094083,-1.655538694992413,Concesionarios,liviano
Talleres,1,Grasa,Grasa multiproposito EP2,Vistony,Vistony,4,1100294,CAJ24 GRAFITADA PARA PALIERES DE 453 GRS,453 GRS,Tarro,24,48670,2028,2636,608,0.2307692307692308,4500.0,7000.0,2500.0,-0.7071320182094083,-1.655538694992413,Talleres,liviano
Construccion (agro),3,Grasa,Grasa multiproposito EP2,Vistony,Vistony,4,1100294,CAJ24 GRAFITADA PARA PALIERES DE 453 GRS,453 GRS,Tarro,24,48670,2028,2636,608,0.2307692307692308,4500.0,7000.0,2500.0,-0.7071320182094083,-1.655538694992413,Agricola,liviano
Concesionarios,1,Lubricante,5W30 sintetico,Vistony,Vistony,8,1000550,CAJ12 ATTOM S310 SAE 5W30 ACEA A3/B4 - API SN DE 1L,1 L,Frasco/Botella,12,47180,3932,5112,1180,0.2307692307692308,8500.0,13000.0,4500.0,-0.6627543035993739,-1.5430359937402192,Concesionarios,liviano
Talleres,1,Lubricante,5W30 sintetico,Vistony,Vistony,8,1000550,CAJ12 ATTOM S310 SAE 5W30 ACEA A3/B4 - API SN DE 1L,1 L,Frasco/Botella,12,47180,3932,5112,1180,0.2307692307692308,8500.0,13000.0,4500.0,-0.6627543035993739,-1.5430359937402192,Talleres,liviano
Venta Libre (No Especifico),2,Lubricante,Otros,Vistony,Vistony,18,1000133,BAL DRAULACAT TO-4 SAE 50 DE 5 GAL,5 GAL,Balde,1,70046,70046,91059,21014,0.2307692307692308,,,,1.0,1.0,"Talleres,Concesionarios",liviano
Concesionarios,2,Lubricante,10W40 semisintetico,Vistony,Vistony,5,1000992,CAJ04 AQUAOIL 4T ELITE SAE 10W-40 DE 4 L,4 L,Galon,4,61769,15442,20075,4633,0.2307692307692308,18000.0,24000.0,6000.0,0.10336239103362388,-0.195516811955168,Concesionarios,liviano
Talleres,1,Lubricante,10W40 semisintetico,Vistony,Vistony,5,1000992,CAJ04 AQUAOIL 4T ELITE SAE 10W-40 DE 4 L,4 L,Galon,4,61769,15442,20075,4633,0.2307692307692308,18000.0,24000.0,6000.0,0.10336239103362388,-0.195516811955168,Talleres,liviano
Venta Libre (No Especifico),2,Lubricante,Otros,Vistony,Vistony,15,1000155,BAL DRAULACAT TO-4 SAE 10W DE 5 GL,5 GL,Balde,1,56439,56439,73371,16932,0.2307692307692308,,,,1.0,1.0,"Talleres,Concesionarios",liviano
Venta Libre (No Especifico),1,Lubricante,Otros,Vistony,Vistony,38,1000556,CAJ04 SINTEK OIL S 210 SAE 10W30 ACEA A3/B4 - API SN DE 4L,4 L,Galon,4,54719,13680,17784,4104,0.2307692307692308,,,,1.0,1.0,"Talleres,Concesionarios",liviano
Concesionarios,1,Grasa,Grasa multiproposito EP2,Vistony,Vistony,7,1100119,CAJ12 COMPLEJO DE LITIO NLGI 2 DE 453 GRS,453 GRS,Tarro,12,44994,3750,4874,1125,0.2307692307692308,4500.0,7000.0,2500.0,0.0767336889618383,-0.4361920393926959,Concesionarios,liviano
Talleres,1,Grasa,Grasa multiproposito EP2,Vistony,Vistony,7,1100119,CAJ12 COMPLEJO DE LITIO NLGI 2 DE 453 GRS,453 GRS,Tarro,12,44994,3750,4874,1125,0.2307692307692308,4500.0,7000.0,2500.0,0.0767336889618383,-0.4361920393926959,Talleres,liviano
Construccion (agro),3,Grasa,Grasa multiproposito EP2,Vistony,Vistony,7,1100119,CAJ12 COMPLEJO DE LITIO NLGI 2 DE 453 GRS,453 GRS,Tarro,12,44994,3750,4874,1125,0.2307692307692308,4500.0,7000.0,2500.0,0.0767336889618383,-0.4361920393926959,Agricola,liviano
Venta Libre (No Especifico),1,Quimico/Cuidado vehicular,Otros,Vistony,Vistony,13,1400165,CAJ06 BRILLANTA LOTOX DE 1 GAL,1 GAL,Galon,6,47802,7967,10357,2390,0.2307692307692308,,,,1.0,1.0,"Talleres,Concesionarios",liviano
Venta Libre (No Especifico),1,Lubricante,Otros,Vistony,Vistony,99,1000532,CAJ12 BRIKSON ATF CVT DE 1L,1 L,Frasco/Botella,12,71776,5982,7776,1794,0.2307692307692308,,,,1.0,1.0,"Talleres,Concesionarios",liviano
Concesionarios,1,Lubricante,5W40 sintetico,Vistony,Vistony,1,1000444,CIL FORZA ADVANCED SAE 15W40 DE 55 DE GAL,1 GAL,Tambor/Cilindro,1,527573,527573,685845,158272,0.2307692307692308,28000.0,42000.0,14000.0,0.959174449037319,0.9387616735559784,Concesionarios,liviano
Talleres,3,Lubricante,5W40 sintetico,Vistony,Vistony,1,1000444,CIL FORZA ADVANCED SAE 15W40 DE 55 DE GAL,1 GAL,Tambor/Cilindro,1,527573,527573,685845,158272,0.2307692307692308,28000.0,42000.0,14000.0,0.959174449037319,0.9387616735559784,Talleres,liviano
Venta Libre (No Especifico),1,Quimico/Cuidado vehicular,Otros,Vistony,Vistony,26,1400092,CAJ12 SPRAY AUXILIAR DE ARRANQUE DE 10 OZ /296 ML,296 ML,Sachet/Spray,12,27522,2294,2982,688,0.2307692307692308,,,,1.0,1.0,"Talleres,Concesionarios",liviano
Construccion (agro),1,Grasa,Grasa de litio EP2,Vistony,Vistony,4,1100269,BAL EP-2 LITHIUM MULTIPROPOSITO ROJO DE 35 LIBRAS,35 LIBRAS,Balde,1,57998,57998,75397,17399,0.2307692307692307,60000.0,85000.0,25000.0,0.20421236919240815,-0.1273658103107551,Agricola,liviano
Industria,3,Lubricante,Aceite compresores,Vistony,Vistony,2,1000243,CAJ12 AIR COMPRESSOR OIL ISO 46 DE 1/4 GL,1/4 GL,Frasco/Botella,12,35600,2966,3856,890,0.2307692307692308,5000.0,8000.0,3000.0,-0.29668049792531126,-1.074688796680498,Industria,industrial
Venta Libre (No Especifico),1,Aditivo,Otros,Vistony,Vistony,22,1600023,CAJ12 ADITIVO PARA COMBUSTIBLE DIESEL DE 300 ML,300 ML,Sachet/Spray,12,26704,2226,2893,668,0.2307692307692309,,,,1.0,1.0,"Talleres,Concesionarios",liviano
Construccion (agro),1,Grasa,Grasa de litio EP2,Vistony,Vistony,5,1100131,BAL MOLIBDENO LITHIUM EP2 DE 35 LIBRAS,35 LIBRAS,Balde,1,121310,121310,157704,36393,0.2307692307692308,60000.0,85000.0,25000.0,0.6195404048090093,0.4610155734794298,Agricola,liviano
Venta Libre (No Especifico),1,Lubricante,Otros,Vistony,Vistony,66,1000224,CAJ12 AQUAOIL SUPER 2T TC-W3 DE 1/4 GL,1/4 GL,Frasco/Botella,12,33371,2781,3615,834,0.2307692307692308,,,,1.0,1.0,"Talleres,Concesionarios",liviano
Venta Libre (No Especifico),1,Lubricante,Otros,Vistony,Vistony,91,1000367,CAJ12 ATTOM RAYVON 4T 15W50 API SN JASO MA2 DE 1 LT,1 LT,Frasco/Botella,12,48610,4051,5267,1215,0.2307692307692308,,,,1.0,1.0,"Talleres,Concesionarios",liviano
Flotas,2,Lubricante,Aceite engranajes,Vistony,Vistony,4,1000135,CAJ06 GEAR OIL GL-5 SAE 80W90 DE 1 GAL,1 GAL,Galon,6,70648,11774,15307,3532,0.2307692307692308,18000.0,25000.0,7000.0,-0.175932579865421,-0.6332396942575291,Flotas,camion_flota
Industria,2,Lubricante,Aceite engranajes,Vistony,Vistony,4,1000135,CAJ06 GEAR OIL GL-5 SAE 80W90 DE 1 GAL,1 GAL,Galon,6,70648,11774,15307,3532,0.2307692307692308,18000.0,25000.0,7000.0,-0.175932579865421,-0.6332396942575291,Industria,camion_flota
Talleres,1,Lubricante,Aceite engranajes,Vistony,Vistony,4,1000135,CAJ06 GEAR OIL GL-5 SAE 80W90 DE 1 GAL,1 GAL,Galon,6,70648,11774,15307,3532,0.2307692307692308,18000.0,25000.0,7000.0,-0.175932579865421,-0.6332396942575291,Talleres,camion_flota
Construccion (agro),2,Lubricante,Aceite engranajes,Vistony,Vistony,4,1000135,CAJ06 GEAR OIL GL-5 SAE 80W90 DE 1 GAL,1 GAL,Galon,6,70648,11774,15307,3532,0.2307692307692308,18000.0,25000.0,7000.0,-0.175932579865421,-0.6332396942575291,Agricola,camion_flota
Venta Libre (No Especifico),2,Lubricante,Otros,Vistony,Vistony,17,1000233,BAL ATF BRIKSON III DE 5 GAL,5 GAL,Balde,1,62497,62497,81246,18749,0.2307692307692308,,,,1.0,1.0,"Talleres,Concesionarios",liviano
Concesionarios,1,Lubricante,10W40 semisintetico,Vistony,Vistony,8,1001371,CAJ12 RAYVON 4T SCOOTER ST SAE 10W-40 DE 1L,1 L,Frasco/Botella,12,49881,4157,5404,1247,0.2307692307692308,5000.0,7500.0,2500.0,0.07475943745373792,-0.3878608438193931,Concesionarios,liviano
Talleres,1,Lubricante,10W40 semisintetico,Vistony,Vistony,8,1001371,CAJ12 RAYVON 4T SCOOTER ST SAE 10W-40 DE 1L,1 L,Frasco/Botella,12,49881,4157,5404,1247,0.2307692307692308,5000.0,7500.0,2500.0,0.07475943745373792,-0.3878608438193931,Talleres,liviano
Venta Libre (No Especifico),1,Lubricante,Otros,Vistony,Vistony,83,1000377,CAJ12 SINTEK OIL RAYVON 4T 15W50 API SM JASO MA2 DE 1 L,1 L,Frasco/Botella,12,42384,3532,4592,1060,0.2307692307692308,,,,1.0,1.0,"Talleres,Concesionarios",liviano
Venta Libre (No Especifico),2,Lubricante,Otros,Vistony,Vistony,9,1000161,BAL ROKDUR OIL 100 DE 5 GL,5 GL,Balde,1,46124,46124,59961,13837,0.2307692307692308,,,,1.0,1.0,"Talleres,Concesionarios",liviano
Venta Libre (No Especifico),1,Liquido de frenos,Otros,Vistony,Vistony,30,1300027,CAJ24 LIQUIDO PARA FRENO DOT- 4 DE 12 ONZ,12 ONZ,Frasco/Botella,24,42315,1763,2292,529,0.2307692307692309,,,,1.0,1.0,"Talleres,Concesionarios",liviano
Venta Libre (No Especifico),1,Lubricante,Otros,Vistony,Vistony,11,1300042,CAJ12 LIQUIDO DE FRENOS DOT-4 PARA MOTO DE 8 OZ,8 OZ,Sachet/Spray,12,15282,1274,1656,382,0.2307692307692308,,,,1.0,1.0,"Talleres,Concesionarios",liviano
Venta Libre (No Especifico),1,Lubricante,Otros,Vistony,Vistony,42,1000783,CAJ04 ATTOM RACING SAE 10W-60 DE 4L,4 L,Galon,4,110391,27598,35877,8279,0.2307692307692308,,,,1.0,1.0,"Talleres,Concesionarios",liviano
Construccion,1,Lubricante,Hidraulico ISO 46,Vistony,Vistony,2,1000110,CIL DRAULA H46 DE 55 GAL,55 GAL,Tambor/Cilindro,1,542285,542285,704970,162685,0.2307692307692308,400000.0,550000.0,150000.0,0.43259996879299834,0.21982495709037264,Construccion,liviano
Industria,1,Lubricante,Hidraulico ISO 46,Vistony,Vistony,2,1000110,CIL DRAULA H46 DE 55 GAL,55 GAL,Tambor/Cilindro,1,542285,542285,704970,162685,0.2307692307692308,400000.0,550000.0,150000.0,0.43259996879299834,0.21982495709037264,Industria,liviano
Construccion (agro),1,Lubricante,Hidraulico ISO 46,Vistony,Vistony,2,1000110,CIL DRAULA H46 DE 55 GAL,55 GAL,Tambor/Cilindro,1,542285,542285,704970,162685,0.2307692307692308,400000.0,550000.0,150000.0,0.43259996879299834,0.21982495709037264,Agricola,liviano
Venta Libre (No Especifico),1,Lubricante,Otros,Vistony,Vistony,23,1000027,CAJ30 AQUAOIL SUPER 2T TC-W3 DE 1/8 GL,1/8 GL,Frasco/Botella,30,48266,1609,2091,483,0.2307692307692309,,,,1.0,1.0,"Talleres,Concesionarios",liviano
Venta Libre (No Especifico),1,Quimico/Cuidado vehicular,Otros,Vistony,Vistony,2,1500006,CAJ24 AROMATIZADOR TUTTI FRUTTI 59ML,59 ML,Sachet/Spray,24,13265,553,719,166,0.2307692307692308,,,,1.0,1.0,"Talleres,Concesionarios",liviano
Concesionarios,3,Refrigerante/Aditivo Diesel,Refrigerante verde convencional,Vistony,Vistony,1,1200081,BAL COOLANT ICE FREEZE ORGANICO (OAT) 33% GREEN DE 5 GL,5 GL,Balde,1,26106,26106,33937,7832,0.2307692307692308,45000.0,65000.0,20000.0,-0.32598638653976475,-0.9153136694463271,Concesionarios,liviano
Talleres,2,Refrigerante/Aditivo Diesel,Refrigerante verde convencional,Vistony,Vistony,1,1200081,BAL COOLANT ICE FREEZE ORGANICO (OAT) 33% GREEN DE 5 GL,5 GL,Balde,1,26106,26106,33937,7832,0.2307692307692308,45000.0,65000.0,20000.0,-0.32598638653976475,-0.9153136694463271,Talleres,liviano
Construccion (agro),1,Refrigerante/Aditivo Diesel,Refrigerante verde convencional,Vistony,Vistony,1,1200081,BAL COOLANT ICE FREEZE ORGANICO (OAT) 33% GREEN DE 5 GL,5 GL,Balde,1,26106,26106,33937,7832,0.2307692307692308,45000.0,65000.0,20000.0,-0.32598638653976475,-0.9153136694463271,Agricola,liviano
Venta Libre (No Especifico),1,Liquido de frenos,Otros,Vistony,Vistony,33,1300007,CAJ12 LIQUIDO PARA FRENO DOT - 3 DE 12 ONZ,12 ONZ,Frasco/Botella,12,21623,1802,2342,540,0.2307692307692308,,,,1.0,1.0,"Talleres,Concesionarios",liviano
Venta Libre (No Especifico),1,Liquido de frenos,Otros,Vistony,Vistony,15,1300024,CAJ24 LIQUIDO PARA FRENO DOT- 4 DE 8 ONZ,8 ONZ,Sachet/Spray,24,31938,1330,1730,399,0.2307692307692308,,,,1.0,1.0,"Talleres,Concesionarios",liviano
Construccion (agro),1,Grasa,Grasa de litio EP2,Vistony,Vistony,3,1100253,BAL EP-2 LITHIUM MULTIPROPOSITO AMARILLO DE 35 LIBRAS,35 LIBRAS,Balde,1,56506,56506,73457,16952,0.2307692307692308,60000.0,85000.0,25000.0,0.18319561103774995,-0.1571395510298541,Agricola,liviano
Venta Libre (No Especifico),2,Lubricante,Otros,Vistony,Vistony,13,1000114,BAL TEXVAC ISO 68 DE 5 GAL,5 GAL,Balde,1,51906,51906,67478,15572,0.2307692307692308,,,,1.0,1.0,"Talleres,Concesionarios",industrial
Construccion (agro),3,Grasa,Grasa de litio EP2,Vistony,Vistony,9,1100280,CAJ24 EP-2 LITHIUM MULTIPROPOSITO ROJO DE 453 GRS,453 GRS,Tarro,24,54129,2255,2932,677,0.2307692307692309,4500.0,7000.0,2500.0,-0.5347885402455661,-1.387448840381992,Agricola,liviano
Venta Libre (No Especifico),1,Quimico/Cuidado vehicular,Otros,Vistony,Vistony,19,1400163,CAJ06 SILICONA WHITE LOTOX AROMA FRESA DE 1 GAL,1 GAL,Galon,6,55217,9203,11964,2761,0.2307692307692308,,,,1.0,1.0,"Talleres,Concesionarios",liviano
Venta Libre (No Especifico),1,Liquido de frenos,Otros,Vistony,Vistony,14,1300011,CAJ24 LIQUIDO PARA FRENO DOT - 3 DE 8 ONZ,8 ONZ,Sachet/Spray,24,31779,1324,1721,397,0.2307692307692308,,,,1.0,1.0,"Talleres,Concesionarios",liviano
Concesionarios,2,Refrigerante/Aditivo Diesel,Refrigerante rojo OAT,Vistony,Vistony,1,1200085,CAJ04 COOLANT ICE FREEZE SI-ORGANICO (SI-OAT) G12++ 50/50 COLOR ROSA DE 5L,5 L,Bidon,4,33570,8393,10911,2518,0.2307692307692308,12000.0,16000.0,4000.0,-0.09980753368160578,-0.46641004490880755,Concesionarios,liviano
Flotas,2,Refrigerante/Aditivo Diesel,Refrigerante rojo OAT,Vistony,Vistony,1,1200085,CAJ04 COOLANT ICE FREEZE SI-ORGANICO (SI-OAT) G12++ 50/50 COLOR ROSA DE 5L,5 L,Bidon,4,33570,8393,10911,2518,0.2307692307692308,12000.0,16000.0,4000.0,-0.09980753368160578,-0.46641004490880755,Flotas,liviano
Talleres,1,Refrigerante/Aditivo Diesel,Refrigerante rojo OAT,Vistony,Vistony,1,1200085,CAJ04 COOLANT ICE FREEZE SI-ORGANICO (SI-OAT) G12++ 50/50 COLOR ROSA DE 5L,5 L,Bidon,4,33570,8393,10911,2518,0.2307692307692308,12000.0,16000.0,4000.0,-0.09980753368160578,-0.46641004490880755,Talleres,liviano
Construccion (agro),2,Refrigerante/Aditivo Diesel,Refrigerante rojo OAT,Vistony,Vistony,1,1200085,CAJ04 COOLANT ICE FREEZE SI-ORGANICO (SI-OAT) G12++ 50/50 COLOR ROSA DE 5L,5 L,Bidon,4,33570,8393,10911,2518,0.2307692307692308,12000.0,16000.0,4000.0,-0.09980753368160578,-0.46641004490880755,Agricola,liviano
Concesionarios,1,Refrigerante/Aditivo Diesel,Refrigerante verde convencional,Vistony,Vistony,1,1200097,CIL COOLANT ICE FREEZE ORGANICO (OAT) 50/50 COLOR VERDE DE 55 GL,55 GL,Tambor/Cilindro,1,268210,268210,348672,80463,0.2307692307692308,300000.0,450000.0,150000.0,0.1395925110132159,-0.29061123348017626,Concesionarios,liviano
Talleres,3,Refrigerante/Aditivo Diesel,Refrigerante verde convencional,Vistony,Vistony,1,1200097,CIL COOLANT ICE FREEZE ORGANICO (OAT) 50/50 COLOR VERDE DE 55 GL,55 GL,Tambor/Cilindro,1,268210,268210,348672,80463,0.2307692307692308,300000.0,450000.0,150000.0,0.1395925110132159,-0.29061123348017626,Talleres,liviano
Construccion (agro),1,Refrigerante/Aditivo Diesel,Refrigerante verde convencional,Vistony,Vistony,1,1200097,CIL COOLANT ICE FREEZE ORGANICO (OAT) 50/50 COLOR VERDE DE 55 GL,55 GL,Tambor/Cilindro,1,268210,268210,348672,80463,0.2307692307692308,300000.0,450000.0,150000.0,0.1395925110132159,-0.29061123348017626,Agricola,liviano
Venta Libre (No Especifico),1,Lubricante,Otros,Vistony,Vistony,76,1000236,CAJ12 ATF BRIKSON III DE 1/4 GAL,1/4 GAL,Frasco/Botella,12,40354,3363,4372,1009,0.2307692307692308,,,,1.0,1.0,"Talleres,Concesionarios",liviano
Venta Libre (No Especifico),1,Liquido de frenos,Otros,Vistony,Vistony,94,1300004,CAJ12 LIQUIDO PARA FRENO DOT - 3 DE 1 LT,1 LT,Frasco/Botella,12,55028,4586,5961,1376,0.2307692307692308,,,,1.0,1.0,"Talleres,Concesionarios",liviano
Venta Libre (No Especifico),1,Lubricante,Otros,Vistony,Vistony,33,1000285,CAJ06 BLINDAX SUPER 20W50 API SN DE 1 GAL,1 GAL,Galon,6,73903,12317,16012,3695,0.2307692307692308,,,,1.0,1.0,"Talleres,Concesionarios",liviano
Venta Libre (No Especifico),1,Quimico/Cuidado vehicular,Otros,Vistony,Vistony,6,1500010,CAJ24 AROMATIZADOR SILVESTRE 59ML,59 ML,Sachet/Spray,24,14476,603,784,181,0.2307692307692308,,,,1.0,1.0,"Talleres,Concesionarios",liviano
Venta Libre (No Especifico),1,Lubricante,Otros,Vistony,Vistony,82,1000350,CAJ12 BLINDAX SUPER 20W50 API SN DE 1/4 GAL,1/4 GAL,Frasco/Botella,12,42362,3530,4590,1059,0.2307692307692308,,,,1.0,1.0,"Talleres,Concesionarios",liviano
Venta Libre (No Especifico),1,Quimico/Cuidado vehicular,Otros,Vistony,Vistony,50,1400207,CAJ12 SILICONA TRANSPARENTE LOTOX AROMA FRESA DE 356 ML - 12 OZ,12 OZ,Frasco/Botella,12,26470,2206,2867,662,0.2307692307692309,,,,1.0,1.0,"Talleres,Concesionarios",liviano
Construccion (agro),3,Grasa,Grasa de litio EP2,Vistony,Vistony,8,1100265,CAJ24 EP-2 LITHIUM MULTIPROPOSITO AMARILLO DE 453 GRS,453 GRS,Tarro,24,51947,2165,2814,649,0.2307692307692308,4500.0,7000.0,2500.0,-0.5991471215351811,-1.4875621890547261,Agricola,liviano
Venta Libre (No Especifico),1,Liquido de frenos,Otros,Vistony,Vistony,36,1300008,CAJ24 LIQUIDO PARA FRENO DOT - 3 DE 12 ONZ,12 ONZ,Frasco/Botella,24,46665,1944,2527,583,0.2307692307692309,,,,1.0,1.0,"Talleres,Concesionarios",liviano
Venta Libre (No Especifico),1,Lubricante,Otros,Vistony,Vistony,98,1001388,CAJ06 RAYVON 4T J8000 SAE 20W-50 DE 1L,1 L,Frasco/Botella,6,34709,5785,7520,1735,0.2307692307692308,,,,1.0,1.0,"Talleres,Concesionarios",liviano
Concesionarios,3,Refrigerante/Aditivo Diesel,Refrigerante rojo OAT,Vistony,Vistony,1,1200094,BAL COOLANT ICE HEAVY-DUTY HYBRID (NOAT) 50/50 EXTENDED LIFE RED DE 5 GL,5 GL,Balde,1,37103,37103,48234,11131,0.2307692307692308,45000.0,65000.0,20000.0,0.06704814031595974,-0.347597130654725,Concesionarios,liviano
Flotas,1,Refrigerante/Aditivo Diesel,Refrigerante rojo OAT,Vistony,Vistony,1,1200094,BAL COOLANT ICE HEAVY-DUTY HYBRID (NOAT) 50/50 EXTENDED LIFE RED DE 5 GL,5 GL,Balde,1,37103,37103,48234,11131,0.2307692307692308,45000.0,65000.0,20000.0,0.06704814031595974,-0.347597130654725,Flotas,liviano
Talleres,2,Refrigerante/Aditivo Diesel,Refrigerante rojo OAT,Vistony,Vistony,1,1200094,BAL COOLANT ICE HEAVY-DUTY HYBRID (NOAT) 50/50 EXTENDED LIFE RED DE 5 GL,5 GL,Balde,1,37103,37103,48234,11131,0.2307692307692308,45000.0,65000.0,20000.0,0.06704814031595974,-0.347597130654725,Talleres,liviano
Construccion (agro),1,Refrigerante/Aditivo Diesel,Refrigerante rojo OAT,Vistony,Vistony,1,1200094,BAL COOLANT ICE HEAVY-DUTY HYBRID (NOAT) 50/50 EXTENDED LIFE RED DE 5 GL,5 GL,Balde,1,37103,37103,48234,11131,0.2307692307692308,45000.0,65000.0,20000.0,0.06704814031595974,-0.347597130654725,Agricola,liviano
Flotas,1,Lubricante,Aceite engranajes,Vistony,Vistony,2,1000010,BAL TRANSMISION AUTOMATICA - ATF DE 5 GL,5 GL,Balde,1,48366,48366,62875,14510,0.2307692307692308,70000.0,90000.0,20000.0,-0.11332007952286283,-0.4314115308151094,Flotas,liviano
Industria,1,Lubricante,Aceite engranajes,Vistony,Vistony,2,1000010,BAL TRANSMISION AUTOMATICA - ATF DE 5 GL,5 GL,Balde,1,48366,48366,62875,14510,0.2307692307692308,70000.0,90000.0,20000.0,-0.11332007952286283,-0.4314115308151094,Industria,liviano
Talleres,2,Lubricante,Aceite engranajes,Vistony,Vistony,2,1000010,BAL TRANSMISION AUTOMATICA - ATF DE 5 GL,5 GL,Balde,1,48366,48366,62875,14510,0.2307692307692308,70000.0,90000.0,20000.0,-0.11332007952286283,-0.4314115308151094,Talleres,liviano
Construccion (agro),1,Lubricante,Aceite engranajes,Vistony,Vistony,2,1000010,BAL TRANSMISION AUTOMATICA - ATF DE 5 GL,5 GL,Balde,1,48366,48366,62875,14510,0.2307692307692308,70000.0,90000.0,20000.0,-0.11332007952286283,-0.4314115308151094,Agricola,liviano
Venta Libre (No Especifico),1,Lubricante,Otros,Vistony,Vistony,97,1001373,CAJ06 RAYVON 4T J6000 SAE 15W-50 DE 1L,1 L,Frasco/Botella,6,32521,5420,7046,1626,0.2307692307692308,,,,1.0,1.0,"Talleres,Concesionarios",liviano
Industria,1,Lubricante,Aceite compresores,Vistony,Vistony,1,1000118,BAL AIR COMPRESSOR OIL 46 DE 5 GAL,5 GAL,Balde,1,53177,53177,69130,15953,0.2307692307692308,55000.0,80000.0,25000.0,0.20439751193403732,-0.15723998264140016,Industria,liviano
Venta Libre (No Especifico),1,Quimico/Cuidado vehicular,Otros,Vistony,Vistony,5,1500008,CAJ24 AROMATIZADOR LIMON 59ML,59 ML,Sachet/Spray,24,14192,591,769,177,0.2307692307692308,,,,1.0,1.0,"Talleres,Concesionarios",liviano
Concesionarios,1,Lubricante,10W40 semisintetico,Vistony,Vistony,10,1001390,CAJ06 RAYVON 4T J8000 SAE 10W-40 DE 1L,1 L,Frasco/Botella,6,32843,5474,7116,1642,0.2307692307692308,5000.0,7500.0,2500.0,0.29735806632939854,-0.053962900505902134,Concesionarios,liviano
Talleres,1,Lubricante,10W40 semisintetico,Vistony,Vistony,10,1001390,CAJ06 RAYVON 4T J8000 SAE 10W-40 DE 1L,1 L,Frasco/Botella,6,32843,5474,7116,1642,0.2307692307692308,5000.0,7500.0,2500.0,0.29735806632939854,-0.053962900505902134,Talleres,liviano
Venta Libre (No Especifico),1,Lubricante,Otros,Vistony,Vistony,27,1000039,CAJ30 RAYVON SUPER 2T ROJO DE 1/8 GL,1/8 GL,Frasco/Botella,30,49904,1663,2162,499,0.2307692307692309,,,,1.0,1.0,"Talleres,Concesionarios",liviano
Venta Libre (No Especifico),1,Quimico/Cuidado vehicular,Otros,Vistony,Vistony,4,1500004,CAJ24 AROMATIZADOR FLORAL 59ML,59 ML,Sachet/Spray,24,14107,588,764,176,0.2307692307692308,,,,1.0,1.0,"Talleres,Concesionarios",liviano
Concesionarios,2,Refrigerante/Aditivo Diesel,Refrigerante verde convencional,Vistony,Vistony,8,1200090,CAJ06 COOLANT ICE FREEZE ORGANICO (OAT) CONCENTRADO EXTENDED LIFE GREEN DE 1 GL,1 GL,Galon,6,62398,10400,13520,3120,0.2307692307692308,12000.0,16000.0,4000.0,0.1124260355029586,-0.18343195266272194,Concesionarios,liviano
Talleres,1,Refrigerante/Aditivo Diesel,Refrigerante verde convencional,Vistony,Vistony,8,1200090,CAJ06 COOLANT ICE FREEZE ORGANICO (OAT) CONCENTRADO EXTENDED LIFE GREEN DE 1 GL,1 GL,Galon,6,62398,10400,13520,3120,0.2307692307692308,12000.0,16000.0,4000.0,0.1124260355029586,-0.18343195266272194,Talleres,liviano
Construccion (agro),2,Refrigerante/Aditivo Diesel,Refrigerante verde convencional,Vistony,Vistony,8,1200090,CAJ06 COOLANT ICE FREEZE ORGANICO (OAT) CONCENTRADO EXTENDED LIFE GREEN DE 1 GL,1 GL,Galon,6,62398,10400,13520,3120,0.2307692307692308,12000.0,16000.0,4000.0,0.1124260355029586,-0.18343195266272194,Agricola,liviano
Concesionarios,1,Lubricante,10W40 semisintetico,Vistony,Vistony,9,1001386,CAJ06 RAYVON 4T J6000 SAE 10W-40 DE 1L,1 L,Frasco/Botella,6,29759,4960,6448,1488,0.2307692307692308,5000.0,7500.0,2500.0,0.2245657568238213,-0.16315136476426795,Concesionarios,liviano
Talleres,1,Lubricante,10W40 semisintetico,Vistony,Vistony,9,1001386,CAJ06 RAYVON 4T J6000 SAE 10W-40 DE 1L,1 L,Frasco/Botella,6,29759,4960,6448,1488,0.2307692307692308,5000.0,7500.0,2500.0,0.2245657568238213,-0.16315136476426795,Talleres,liviano
Venta Libre (No Especifico),1,Quimico/Cuidado vehicular,Otros,Vistony,Vistony,12,1400175,CAJ24 SILICONA WHITE LOTOX AROMA FRESA DE 300 ML,300 ML,Sachet/Spray,24,31026,1293,1681,388,0.2307692307692308,,,,1.0,1.0,"Talleres,Concesionarios",liviano
Venta Libre (No Especifico),1,Quimico/Cuidado vehicular,Otros,Vistony,Vistony,7,1500012,CAJ24 AROMATIZADOR MARINO 59ML,59 ML,Sachet/Spray,24,14698,613,797,184,0.2307692307692308,,,,1.0,1.0,"Talleres,Concesionarios",liviano
Concesionarios,3,Grasa,Grasa multiproposito EP2,Vistony,Vistony,3,1100286,BAL GRAFITADA PARA PALIERES DE 35 LIBRAS,35 LIBRAS,Balde,1,76257,76257,99134,22877,0.2307692307692308,60000.0,85000.0,25000.0,0.39475860955877906,0.14257469687493696,Concesionarios,liviano
Talleres,2,Grasa,Grasa multiproposito EP2,Vistony,Vistony,3,1100286,BAL GRAFITADA PARA PALIERES DE 35 LIBRAS,35 LIBRAS,Balde,1,76257,76257,99134,22877,0.2307692307692308,60000.0,85000.0,25000.0,0.39475860955877906,0.14257469687493696,Talleres,liviano
Construccion (agro),1,Grasa,Grasa multiproposito EP2,Vistony,Vistony,3,1100286,BAL GRAFITADA PARA PALIERES DE 35 LIBRAS,35 LIBRAS,Balde,1,76257,76257,99134,22877,0.2307692307692308,60000.0,85000.0,25000.0,0.39475860955877906,0.14257469687493696,Agricola,liviano
Concesionarios,3,Refrigerante/Aditivo Diesel,Refrigerante verde convencional,Vistony,Vistony,2,1200096,BAL COOLANT ICE FREEZE ORGANICO (OAT) 50/50 COLOR VERDE DE 5 GL,5 GL,Balde,1,37198,37198,48357,11159,0.2307692307692308,45000.0,65000.0,20000.0,0.06942117997394381,-0.3441694067043035,Concesionarios,liviano
Talleres,2,Refrigerante/Aditivo Diesel,Refrigerante verde convencional,Vistony,Vistony,2,1200096,BAL COOLANT ICE FREEZE ORGANICO (OAT) 50/50 COLOR VERDE DE 5 GL,5 GL,Balde,1,37198,37198,48357,11159,0.2307692307692308,45000.0,65000.0,20000.0,0.06942117997394381,-0.3441694067043035,Talleres,liviano
Construccion (agro),1,Refrigerante/Aditivo Diesel,Refrigerante verde convencional,Vistony,Vistony,2,1200096,BAL COOLANT ICE FREEZE ORGANICO (OAT) 50/50 COLOR VERDE DE 5 GL,5 GL,Balde,1,37198,37198,48357,11159,0.2307692307692308,45000.0,65000.0,20000.0,0.06942117997394381,-0.3441694067043035,Agricola,liviano
Venta Libre (No Especifico),1,Quimico/Cuidado vehicular,Otros,Vistony,Vistony,16,1400185,CAJ12 BRILLANTA LOTOX DE 300 ML,300 ML,Sachet/Spray,12,16762,1397,1816,419,0.2307692307692308,,,,1.0,1.0,"Talleres,Concesionarios",liviano
Concesionarios,2,Refrigerante/Aditivo Diesel,Refrigerante rojo OAT,Vistony,Vistony,5,1200092,CAJ06 COOLANT ICE HEAVY-DUTY HYBRIDO(NOAT) 50/50 EXTENDED LIFE RED DE 1 GL,1 GL,Galon,6,48157,8026,10434,2408,0.2307692307692308,12000.0,16000.0,4000.0,-0.15008625646923512,-0.5334483419589802,Concesionarios,liviano
Flotas,2,Refrigerante/Aditivo Diesel,Refrigerante rojo OAT,Vistony,Vistony,5,1200092,CAJ06 COOLANT ICE HEAVY-DUTY HYBRIDO(NOAT) 50/50 EXTENDED LIFE RED DE 1 GL,1 GL,Galon,6,48157,8026,10434,2408,0.2307692307692308,12000.0,16000.0,4000.0,-0.15008625646923512,-0.5334483419589802,Flotas,liviano
Talleres,1,Refrigerante/Aditivo Diesel,Refrigerante rojo OAT,Vistony,Vistony,5,1200092,CAJ06 COOLANT ICE HEAVY-DUTY HYBRIDO(NOAT) 50/50 EXTENDED LIFE RED DE 1 GL,1 GL,Galon,6,48157,8026,10434,2408,0.2307692307692308,12000.0,16000.0,4000.0,-0.15008625646923512,-0.5334483419589802,Talleres,liviano
Construccion (agro),2,Refrigerante/Aditivo Diesel,Refrigerante rojo OAT,Vistony,Vistony,5,1200092,CAJ06 COOLANT ICE HEAVY-DUTY HYBRIDO(NOAT) 50/50 EXTENDED LIFE RED DE 1 GL,1 GL,Galon,6,48157,8026,10434,2408,0.2307692307692308,12000.0,16000.0,4000.0,-0.15008625646923512,-0.5334483419589802,Agricola,liviano
Venta Libre (No Especifico),1,Quimico/Cuidado vehicular,Otros,Vistony,Vistony,15,1500328,CAJ12 LIMPIA PARABRISAS LOTOX DE 1 L,1 L,Frasco/Botella,12,14760,1230,1600,369,0.2307692307692308,,,,1.0,1.0,"Talleres,Concesionarios",liviano
Venta Libre (No Especifico),1,Lubricante,Otros,Vistony,Vistony,101,1001205,CAJ12 BRIKSON ATF SYNTH MULTIVEHICULO DE 1L,1 L,Frasco/Botella,12,77064,6422,8349,1927,0.2307692307692308,,,,1.0,1.0,"Talleres,Concesionarios",liviano
Flotas,2,Lubricante,Aceite engranajes,Vistony,Vistony,5,1000102,CAJ06 TRANSMISION AUTOMATICA - ATF DE GLN,1 GLN,Galon,6,75234,12539,16301,3762,0.2307692307692308,18000.0,25000.0,7000.0,-0.10422673455616227,-0.5336482424391142,Flotas,liviano
Industria,2,Lubricante,Aceite engranajes,Vistony,Vistony,5,1000102,CAJ06 TRANSMISION AUTOMATICA - ATF DE GLN,1 GLN,Galon,6,75234,12539,16301,3762,0.2307692307692308,18000.0,25000.0,7000.0,-0.10422673455616227,-0.5336482424391142,Industria,liviano
Talleres,1,Lubricante,Aceite engranajes,Vistony,Vistony,5,1000102,CAJ06 TRANSMISION AUTOMATICA - ATF DE GLN,1 GLN,Galon,6,75234,12539,16301,3762,0.2307692307692308,18000.0,25000.0,7000.0,-0.10422673455616227,-0.5336482424391142,Talleres,liviano
Construccion (agro),2,Lubricante,Aceite engranajes,Vistony,Vistony,5,1000102,CAJ06 TRANSMISION AUTOMATICA - ATF DE GLN,1 GLN,Galon,6,75234,12539,16301,3762,0.2307692307692308,18000.0,25000.0,7000.0,-0.10422673455616227,-0.5336482424391142,Agricola,liviano
Venta Libre (No Especifico),1,Quimico/Cuidado vehicular,Otros,Vistony,Vistony,29,1400094,CAJ12 LIMPIA INYECTORA DE 10 ONZ/296 ML,296 ML,Sachet/Spray,12,32989,2749,3573,825,0.2307692307692308,,,,1.0,1.0,"Talleres,Concesionarios",liviano
Venta Libre (No Especifico),1,Quimico/Cuidado vehicular,Otros,Vistony,Vistony,30,1400132,BRAKE CLEANER SPRAY DE 296 ML,296 ML,Sachet/Spray,1,25229,25229,32797,7569,0.2307692307692307,,,,1.0,1.0,"Talleres,Concesionarios",liviano
Venta Libre (No Especifico),1,Quimico/Cuidado vehicular,Otros,Vistony,Vistony,25,1200213,CAJ12 LIMPIA VIDRIOS ANTIEMPAÑANTE LOTOX INFINITE DE 500 ML,500 ML,Frasco/Botella,12,19767,1647,2141,494,0.2307692307692308,,,,1.0,1.0,"Talleres,Concesionarios",liviano
Venta Libre (No Especifico),1,Quimico/Cuidado vehicular,Otros,Vistony,Vistony,69,1400159,CAJ12 SHAMPOO LOTOX SUPER CONCENTRADO 3 EN 1 DE 1L,1 L,Frasco/Botella,12,34236,2853,3709,856,0.2307692307692308,,,,1.0,1.0,"Talleres,Concesionarios",liviano
Venta Libre (No Especifico),1,Quimico/Cuidado vehicular,Otros,Vistony,Vistony,3,1400090,CAJ12 SILICONA RTV COLOR GREASE 85 GR,85 GR,Tarro,12,31106,2592,3370,778,0.2307692307692308,,,,1.0,1.0,"Talleres,Concesionarios",liviano
Venta Libre (No Especifico),1,Lubricante,Otros,Vistony,Vistony,1,1000022,COJ RAYVON SUPER 2T AMBAR JASO FB API TC 160 ML,160 ML,Sachet,1,348,348,452,104,0.2307692307692308,,,,1.0,1.0,"Talleres,Concesionarios",liviano
Venta Libre (No Especifico),1,Lubricante,Otros,Vistony,Vistony,28,1000028,FRA AQUAOIL SUPER 2T TC-W3 DE 1/8 GL,1/8 GL,Frasco/Botella,1,1674,1674,2176,502,0.2307692307692308,,,,1.0,1.0,"Talleres,Concesionarios",liviano
Venta Libre (No Especifico),1,Lubricante,Otros,Vistony,Vistony,29,1000040,FRA RAYVON SUPER 2T ROJO DE 1/8 GL,1/8 GL,Frasco/Botella,1,1688,1688,2194,506,0.2307692307692308,,,,1.0,1.0,"Talleres,Concesionarios",liviano
Flotas,3,Lubricante,Aceite engranajes,Vistony,Vistony,12,1000047,FRA TRANSMISION AUTOMATICA - ATF DE 1/4 GL,1/4 GL,Frasco/Botella,1,3716,3716,4831,1115,0.2307692307692308,5000.0,8000.0,3000.0,-0.0349824052991099,-0.6559718484785759,Flotas,liviano
Industria,3,Lubricante,Aceite engranajes,Vistony,Vistony,12,1000047,FRA TRANSMISION AUTOMATICA - ATF DE 1/4 GL,1/4 GL,Frasco/Botella,1,3716,3716,4831,1115,0.2307692307692308,5000.0,8000.0,3000.0,-0.0349824052991099,-0.6559718484785759,Industria,liviano
Talleres,1,Lubricante,Aceite engranajes,Vistony,Vistony,12,1000047,FRA TRANSMISION AUTOMATICA - ATF DE 1/4 GL,1/4 GL,Frasco/Botella,1,3716,3716,4831,1115,0.2307692307692308,5000.0,8000.0,3000.0,-0.0349824052991099,-0.6559718484785759,Talleres,liviano
Construccion (agro),3,Lubricante,Aceite engranajes,Vistony,Vistony,12,1000047,FRA TRANSMISION AUTOMATICA - ATF DE 1/4 GL,1/4 GL,Frasco/Botella,1,3716,3716,4831,1115,0.2307692307692308,5000.0,8000.0,3000.0,-0.0349824052991099,-0.6559718484785759,Agricola,liviano
Flotas,2,Lubricante,Aceite engranajes,Vistony,Vistony,1,1000103,GL TRANSMISION AUTOMATICA - ATF DE GLN,1 GLN,Galon,1,11014,11014,14318,3304,0.2307692307692308,18000.0,25000.0,7000.0,-0.25715882106439447,-0.7460539181449923,Flotas,liviano
Industria,2,Lubricante,Aceite engranajes,Vistony,Vistony,1,1000103,GL TRANSMISION AUTOMATICA - ATF DE GLN,1 GLN,Galon,1,11014,11014,14318,3304,0.2307692307692308,18000.0,25000.0,7000.0,-0.25715882106439447,-0.7460539181449923,Industria,liviano
Talleres,1,Lubricante,Aceite engranajes,Vistony,Vistony,1,1000103,GL TRANSMISION AUTOMATICA - ATF DE GLN,1 GLN,Galon,1,11014,11014,14318,3304,0.2307692307692308,18000.0,25000.0,7000.0,-0.25715882106439447,-0.7460539181449923,Talleres,liviano
Construccion (agro),2,Lubricante,Aceite engranajes,Vistony,Vistony,1,1000103,GL TRANSMISION AUTOMATICA - ATF DE GLN,1 GLN,Galon,1,11014,11014,14318,3304,0.2307692307692308,18000.0,25000.0,7000.0,-0.25715882106439447,-0.7460539181449923,Agricola,liviano
Flotas,3,Lubricante,Aceite engranajes,Vistony,Vistony,9,1000129,FRA GEAR OIL GL-5 SAE 85W140 DE 0.946 LT,0.946 LT,Frasco/Botella,1,3401,3401,4421,1020,0.2307692307692307,5000.0,8000.0,3000.0,-0.1309658448314861,-0.8095453517303777,Flotas,liviano
Industria,3,Lubricante,Aceite engranajes,Vistony,Vistony,9,1000129,FRA GEAR OIL GL-5 SAE 85W140 DE 0.946 LT,0.946 LT,Frasco/Botella,1,3401,3401,4421,1020,0.2307692307692307,5000.0,8000.0,3000.0,-0.1309658448314861,-0.8095453517303777,Industria,liviano
Talleres,1,Lubricante,Aceite engranajes,Vistony,Vistony,9,1000129,FRA GEAR OIL GL-5 SAE 85W140 DE 0.946 LT,0.946 LT,Frasco/Botella,1,3401,3401,4421,1020,0.2307692307692307,5000.0,8000.0,3000.0,-0.1309658448314861,-0.8095453517303777,Talleres,liviano
Construccion (agro),3,Lubricante,Aceite engranajes,Vistony,Vistony,9,1000129,FRA GEAR OIL GL-5 SAE 85W140 DE 0.946 LT,0.946 LT,Frasco/Botella,1,3401,3401,4421,1020,0.2307692307692307,5000.0,8000.0,3000.0,-0.1309658448314861,-0.8095453517303777,Agricola,liviano
Flotas,3,Lubricante,Aceite engranajes,Vistony,Vistony,7,1000132,FRA GEAR OIL GL-5 SAE 80W90 DE 0.946 LT,0.946 LT,Frasco/Botella,1,3343,3343,4346,1003,0.2307692307692308,5000.0,8000.0,3000.0,-0.15048320294523698,-0.8407731247123793,Flotas,camion_flota
Industria,3,Lubricante,Aceite engranajes,Vistony,Vistony,7,1000132,FRA GEAR OIL GL-5 SAE 80W90 DE 0.946 LT,0.946 LT,Frasco/Botella,1,3343,3343,4346,1003,0.2307692307692308,5000.0,8000.0,3000.0,-0.15048320294523698,-0.8407731247123793,Industria,camion_flota
Talleres,1,Lubricante,Aceite engranajes,Vistony,Vistony,7,1000132,FRA GEAR OIL GL-5 SAE 80W90 DE 0.946 LT,0.946 LT,Frasco/Botella,1,3343,3343,4346,1003,0.2307692307692308,5000.0,8000.0,3000.0,-0.15048320294523698,-0.8407731247123793,Talleres,camion_flota
Construccion (agro),3,Lubricante,Aceite engranajes,Vistony,Vistony,7,1000132,FRA GEAR OIL GL-5 SAE 80W90 DE 0.946 LT,0.946 LT,Frasco/Botella,1,3343,3343,4346,1003,0.2307692307692308,5000.0,8000.0,3000.0,-0.15048320294523698,-0.8407731247123793,Agricola,camion_flota
Flotas,2,Lubricante,Aceite engranajes,Vistony,Vistony,3,1000136,GL GEAR OIL GL-5 SAE 80W90 DE 1 GAL,1 GAL,Galon,1,11434,11434,14865,3430,0.2307692307692308,18000.0,25000.0,7000.0,-0.21089808274470223,-0.6818028927009754,Flotas,camion_flota
Industria,2,Lubricante,Aceite engranajes,Vistony,Vistony,3,1000136,GL GEAR OIL GL-5 SAE 80W90 DE 1 GAL,1 GAL,Galon,1,11434,11434,14865,3430,0.2307692307692308,18000.0,25000.0,7000.0,-0.21089808274470223,-0.6818028927009754,Industria,camion_flota
Talleres,1,Lubricante,Aceite engranajes,Vistony,Vistony,3,1000136,GL GEAR OIL GL-5 SAE 80W90 DE 1 GAL,1 GAL,Galon,1,11434,11434,14865,3430,0.2307692307692308,18000.0,25000.0,7000.0,-0.21089808274470223,-0.6818028927009754,Talleres,camion_flota
Construccion (agro),2,Lubricante,Aceite engranajes,Vistony,Vistony,3,1000136,GL GEAR OIL GL-5 SAE 80W90 DE 1 GAL,1 GAL,Galon,1,11434,11434,14865,3430,0.2307692307692308,18000.0,25000.0,7000.0,-0.21089808274470223,-0.6818028927009754,Agricola,camion_flota
Flotas,2,Lubricante,Aceite engranajes,Vistony,Vistony,2,1000138,GL GEAR OIL GL-5 SAE 85W140 DE GAL,1 GAL,Galon,1,11062,11062,14381,3319,0.2307692307692308,18000.0,25000.0,7000.0,-0.2516514845977331,-0.7384048397190737,Flotas,liviano
Industria,2,Lubricante,Aceite engranajes,Vistony,Vistony,2,1000138,GL GEAR OIL GL-5 SAE 85W140 DE GAL,1 GAL,Galon,1,11062,11062,14381,3319,0.2307692307692308,18000.0,25000.0,7000.0,-0.2516514845977331,-0.7384048397190737,Industria,liviano
Talleres,1,Lubricante,Aceite engranajes,Vistony,Vistony,2,1000138,GL GEAR OIL GL-5 SAE 85W140 DE GAL,1 GAL,Galon,1,11062,11062,14381,3319,0.2307692307692308,18000.0,25000.0,7000.0,-0.2516514845977331,-0.7384048397190737,Talleres,liviano
Construccion (agro),2,Lubricante,Aceite engranajes,Vistony,Vistony,2,1000138,GL GEAR OIL GL-5 SAE 85W140 DE GAL,1 GAL,Galon,1,11062,11062,14381,3319,0.2307692307692308,18000.0,25000.0,7000.0,-0.2516514845977331,-0.7384048397190737,Agricola,liviano
Flotas,3,Lubricante,Aceite engranajes,Vistony,Vistony,1,1000206,CHI GL5 GEAR OIL DE 207 ML,207 ML,Frasco chico,1,1548,1548,2012,464,0.2307692307692308,5000.0,8000.0,3000.0,-1.485089463220676,-2.9761431411530817,Flotas,liviano
Industria,3,Lubricante,Aceite engranajes,Vistony,Vistony,1,1000206,CHI GL5 GEAR OIL DE 207 ML,207 ML,Frasco chico,1,1548,1548,2012,464,0.2307692307692308,5000.0,8000.0,3000.0,-1.485089463220676,-2.9761431411530817,Industria,liviano
Talleres,1,Lubricante,Aceite engranajes,Vistony,Vistony,1,1000206,CHI GL5 GEAR OIL DE 207 ML,207 ML,Frasco chico,1,1548,1548,2012,464,0.2307692307692308,5000.0,8000.0,3000.0,-1.485089463220676,-2.9761431411530817,Talleres,liviano
Construccion (agro),3,Lubricante,Aceite engranajes,Vistony,Vistony,1,1000206,CHI GL5 GEAR OIL DE 207 ML,207 ML,Frasco chico,1,1548,1548,2012,464,0.2307692307692308,5000.0,8000.0,3000.0,-1.485089463220676,-2.9761431411530817,Agricola,liviano
Venta Libre (No Especifico),1,Lubricante,Otros,Vistony,Vistony,61,1000225,FRA AQUAOIL SUPER 2T TC-W3 DE 1/4 GL,1/4 GL,Frasco/Botella,1,2621,2621,3407,786,0.2307692307692308,,,,1.0,1.0,"Talleres,Concesionarios",liviano
Venta Libre (No Especifico),1,Lubricante,Otros,Vistony,Vistony,24,1000235,GL ATF BRIKSON III DE GAL,1 GAL,Galon,1,10517,10517,13672,3155,0.2307692307692308,,,,1.0,1.0,"Talleres,Concesionarios",liviano
Construccion,1,Lubricante,Hidraulico ISO 68,Vistony,Vistony,1,1000008,BAL HIDRAULAN 68 DE 5 GAL,5 GAL,Balde,1,35969,35969,46759,10791,0.2307692307692308,40000.0,60000.0,20000.0,0.14454971235484082,-0.2831754314677388,Construccion,liviano
Industria,1,Lubricante,Hidraulico ISO 68,Vistony,Vistony,1,1000008,BAL HIDRAULAN 68 DE 5 GAL,5 GAL,Balde,1,35969,35969,46759,10791,0.2307692307692308,40000.0,60000.0,20000.0,0.14454971235484082,-0.2831754314677388,Industria,liviano
Construccion (agro),1,Lubricante,Hidraulico ISO 68,Vistony,Vistony,1,1000008,BAL HIDRAULAN 68 DE 5 GAL,5 GAL,Balde,1,35969,35969,46759,10791,0.2307692307692308,40000.0,60000.0,20000.0,0.14454971235484082,-0.2831754314677388,Agricola,liviano
Venta Libre (No Especifico),1,Lubricante,Otros,Vistony,Vistony,75,1000237,FRA ATF BRIKSON III DE 1/4 GAL,1/4 GAL,Frasco/Botella,1,3279,3279,4263,984,0.2307692307692309,,,,1.0,1.0,"Talleres,Concesionarios",liviano
Industria,3,Lubricante,Aceite compresores,Vistony,Vistony,1,1000245,FRA AIR COMPRESSOR OIL ISO 46 DE 1/4 GL,1/4 GL,Frasco/Botella,1,2783,2783,3618,835,0.2307692307692308,5000.0,8000.0,3000.0,-0.38197899391929235,-1.211166390270868,Industria,industrial
Venta Libre (No Especifico),1,Lubricante,Otros,Vistony,Vistony,26,1000286,GL BLINDAX SUPER 20W50 API SN DE 1 GAL,1 GAL,Galon,1,10926,10926,14203,3278,0.2307692307692308,,,,1.0,1.0,"Talleres,Concesionarios",liviano
Venta Libre (No Especifico),1,Lubricante,Otros,Vistony,Vistony,7,1000019,CAJ75 AQUAOIL SUPER 2T TC-W3 DE 1/8 GL,1/8 GL,Frasco/Botella,75,48545,647,841,194,0.2307692307692308,,,,1.0,1.0,"Talleres,Concesionarios",liviano
Venta Libre (No Especifico),1,Lubricante,Otros,Vistony,Vistony,1,1000021,CAJ132 RAYVON SUPER 2T AMBAR JASO FB API TC 160 ML,160 ML,Sachet/Spray,132,45985,348,452,104,0.2307692307692308,,,,1.0,1.0,"Talleres,Concesionarios",liviano
Venta Libre (No Especifico),1,Lubricante,Otros,Vistony,Vistony,21,1000038,CAJ12 RAYVON SUPER 2T ROJO DE 1/8 GL,1/8 GL,Frasco/Botella,12,18738,1562,2030,468,0.2307692307692308,,,,1.0,1.0,"Talleres,Concesionarios",liviano
Venta Libre (No Especifico),1,Lubricante,Otros,Vistony,Vistony,72,1000351,FRA BLINDAX SUPER 20W50 API SN DE 1/4 GAL,1/4 GAL,Frasco/Botella,1,3167,3167,4117,950,0.2307692307692308,,,,1.0,1.0,"Talleres,Concesionarios",liviano
Construccion,1,Lubricante,Hidraulico ISO 68,Vistony,Vistony,3,1000075,CIL HIDRAULAN 68 DE 55 GA,55 GA,Tambor/Cilindro,1,474330,474330,616630,142299,0.2307692307692308,400000.0,550000.0,150000.0,0.3513127807599371,0.1080550735449135,Construccion,liviano
Industria,1,Lubricante,Hidraulico ISO 68,Vistony,Vistony,3,1000075,CIL HIDRAULAN 68 DE 55 GA,55 GA,Tambor/Cilindro,1,474330,474330,616630,142299,0.2307692307692308,400000.0,550000.0,150000.0,0.3513127807599371,0.1080550735449135,Industria,liviano
Construccion (agro),1,Lubricante,Hidraulico ISO 68,Vistony,Vistony,3,1000075,CIL HIDRAULAN 68 DE 55 GA,55 GA,Tambor/Cilindro,1,474330,474330,616630,142299,0.2307692307692308,400000.0,550000.0,150000.0,0.3513127807599371,0.1080550735449135,Agricola,liviano
Concesionarios,1,Lubricante,5W30 sintetico,Vistony,Vistony,6,1000364,FRA ATTOM SAE 5W30 DE 1/4 GAL,1/4 GAL,Frasco/Botella,1,3593,3593,4671,1078,0.2307692307692308,8500.0,13000.0,4500.0,-0.8197388139584671,-1.7831299507600087,Concesionarios,liviano
Talleres,1,Lubricante,5W30 sintetico,Vistony,Vistony,6,1000364,FRA ATTOM SAE 5W30 DE 1/4 GAL,1/4 GAL,Frasco/Botella,1,3593,3593,4671,1078,0.2307692307692308,8500.0,13000.0,4500.0,-0.8197388139584671,-1.7831299507600087,Talleres,liviano
Concesionarios,2,Lubricante,5W30 sintetico,Vistony,Vistony,2,1000366,GL ATTOM SAE 5W30 DE 1 GAL,1 GAL,Galon,1,12199,12199,15859,3660,0.2307692307692308,28000.0,42000.0,14000.0,-0.7655589885869223,-1.6483384828803835,Concesionarios,liviano
Talleres,1,Lubricante,5W30 sintetico,Vistony,Vistony,2,1000366,GL ATTOM SAE 5W30 DE 1 GAL,1 GAL,Galon,1,12199,12199,15859,3660,0.2307692307692308,28000.0,42000.0,14000.0,-0.7655589885869223,-1.6483384828803835,Talleres,liviano
Venta Libre (No Especifico),1,Lubricante,Otros,Vistony,Vistony,88,1000368,FRA ATTOM RAYVON 4T 15W50 API SN JASO MA2 DE 1 LT,1 LT,Frasco/Botella,1,3846,3846,4999,1154,0.2307692307692308,,,,1.0,1.0,"Talleres,Concesionarios",liviano
Venta Libre (No Especifico),1,Lubricante,Otros,Vistony,Vistony,22,1000372,GL SINTEK OIL POWER 10W30 DE 1 GAL,1 GAL,Galon,1,9458,9458,12296,2838,0.2307692307692308,,,,1.0,1.0,"Talleres,Concesionarios",liviano
Venta Libre (No Especifico),1,Lubricante,Otros,Vistony,Vistony,80,1000378,FRA SINTEK OIL RAYVON 4T 15W50 API SM JASO MA2 DE 1 L,1 L,Frasco/Botella,1,3461,3461,4499,1038,0.2307692307692307,,,,1.0,1.0,"Talleres,Concesionarios",liviano
Venta Libre (No Especifico),1,Lubricante,Otros,Vistony,Vistony,74,1000380,FRA RAYVON SUPER 4T 20W50 API SM JASO MA2 DE 1 L,1 L,Frasco/Botella,1,3271,3271,4253,981,0.2307692307692308,,,,1.0,1.0,"Talleres,Concesionarios",liviano
Venta Libre (No Especifico),1,Lubricante,Otros,Vistony,Vistony,29,1000399,GL FORZA VIS SAE 25W60 API CF-4 DE 1 GAL,1 GAL,Galon,1,11930,11930,15510,3579,0.2307692307692308,,,,1.0,1.0,"Talleres,Concesionarios",liviano
Concesionarios,1,Lubricante,5W40 sintetico,Vistony,Vistony,2,1000408,FRA FORZA PLUS SAE 15W40 DE 1/4 GAL,1/4 GAL,Frasco/Botella,1,3451,3451,4487,1035,0.2307692307692308,8500.0,13000.0,4500.0,-0.894361488745264,-1.897258747492757,Concesionarios,liviano
Talleres,1,Lubricante,5W40 sintetico,Vistony,Vistony,2,1000408,FRA FORZA PLUS SAE 15W40 DE 1/4 GAL,1/4 GAL,Frasco/Botella,1,3451,3451,4487,1035,0.2307692307692308,8500.0,13000.0,4500.0,-0.894361488745264,-1.897258747492757,Talleres,liviano
Concesionarios,2,Lubricante,5W40 sintetico,Vistony,Vistony,2,1000410,GL FORZA PLUS SAE 15W40 DE 1 GAL,1 GAL,Galon,1,11176,11176,14529,3353,0.2307692307692308,28000.0,42000.0,14000.0,-0.9271801225135936,-1.8907701837703903,Concesionarios,liviano
Talleres,1,Lubricante,5W40 sintetico,Vistony,Vistony,2,1000410,GL FORZA PLUS SAE 15W40 DE 1 GAL,1 GAL,Galon,1,11176,11176,14529,3353,0.2307692307692308,28000.0,42000.0,14000.0,-0.9271801225135936,-1.8907701837703903,Talleres,liviano
Flotas,2,Lubricante,Aceite engranajes,Vistony,Vistony,2,1000137,CAJ06 GEAR OIL GL-5 SAE 85W140 DE GAL,1 GAL,Galon,6,66374,11062,14381,3319,0.2307692307692308,18000.0,25000.0,7000.0,-0.2516514845977331,-0.7384048397190737,Flotas,liviano
Industria,2,Lubricante,Aceite engranajes,Vistony,Vistony,2,1000137,CAJ06 GEAR OIL GL-5 SAE 85W140 DE GAL,1 GAL,Galon,6,66374,11062,14381,3319,0.2307692307692308,18000.0,25000.0,7000.0,-0.2516514845977331,-0.7384048397190737,Industria,liviano
Talleres,1,Lubricante,Aceite engranajes,Vistony,Vistony,2,1000137,CAJ06 GEAR OIL GL-5 SAE 85W140 DE GAL,1 GAL,Galon,6,66374,11062,14381,3319,0.2307692307692308,18000.0,25000.0,7000.0,-0.2516514845977331,-0.7384048397190737,Talleres,liviano
Construccion (agro),2,Lubricante,Aceite engranajes,Vistony,Vistony,2,1000137,CAJ06 GEAR OIL GL-5 SAE 85W140 DE GAL,1 GAL,Galon,6,66374,11062,14381,3319,0.2307692307692308,18000.0,25000.0,7000.0,-0.2516514845977331,-0.7384048397190737,Agricola,liviano
Venta Libre (No Especifico),3,Lubricante,Otros,Vistony,Vistony,18,1000154,CIL DRAULACAT TO-4 SAE 50 DE 55 GL,55 GL,Tambor/Cilindro,1,635043,635043,825556,190513,0.2307692307692308,,,,1.0,1.0,"Talleres,Concesionarios",liviano
Flotas,3,Lubricante,Aceite engranajes,Vistony,Vistony,1,1000205,CAJ24 GL5 GEAR OIL DE 207 ML,207 ML,Sachet/Spray,24,37143,1548,2012,464,0.2307692307692308,5000.0,8000.0,3000.0,-1.485089463220676,-2.9761431411530817,Flotas,liviano
Industria,3,Lubricante,Aceite engranajes,Vistony,Vistony,1,1000205,CAJ24 GL5 GEAR OIL DE 207 ML,207 ML,Sachet/Spray,24,37143,1548,2012,464,0.2307692307692308,5000.0,8000.0,3000.0,-1.485089463220676,-2.9761431411530817,Industria,liviano
Talleres,1,Lubricante,Aceite engranajes,Vistony,Vistony,1,1000205,CAJ24 GL5 GEAR OIL DE 207 ML,207 ML,Sachet/Spray,24,37143,1548,2012,464,0.2307692307692308,5000.0,8000.0,3000.0,-1.485089463220676,-2.9761431411530817,Talleres,liviano
Construccion (agro),3,Lubricante,Aceite engranajes,Vistony,Vistony,1,1000205,CAJ24 GL5 GEAR OIL DE 207 ML,207 ML,Sachet/Spray,24,37143,1548,2012,464,0.2307692307692308,5000.0,8000.0,3000.0,-1.485089463220676,-2.9761431411530817,Agricola,liviano
Venta Libre (No Especifico),3,Lubricante,Otros,Vistony,Vistony,11,1000232,CIL ATF BRIKSON III DE 55 GAL,55 GAL,Tambor/Cilindro,1,499035,499035,648746,149711,0.2307692307692308,,,,1.0,1.0,"Talleres,Concesionarios",liviano
Venta Libre (No Especifico),1,Lubricante,Otros,Vistony,Vistony,79,1000480,FRA BRIKSON CVT FULL SYNTHETIC DE 1/4 GAL,1/4 GAL,Frasco/Botella,1,3455,3455,4492,1037,0.2307692307692308,,,,1.0,1.0,"Talleres,Concesionarios",liviano
Venta Libre (No Especifico),1,Lubricante,Otros,Vistony,Vistony,96,1000533,FRA BRIKSON ATF CVT DE 1L,1 L,Frasco/Botella,1,5384,5384,6999,1615,0.2307692307692308,,,,1.0,1.0,"Talleres,Concesionarios",liviano
Venta Libre (No Especifico),1,Lubricante,Otros,Vistony,Vistony,40,1000284,CAJ04 BLINDAX SUPER 20W50 API SN DE 1 GAL,1 GAL,Galon,4,62842,15710,20424,4713,0.2307692307692309,,,,1.0,1.0,"Talleres,Concesionarios",liviano
Industria,1,Lubricante,Aceite compresores,Vistony,Vistony,2,1000300,BAL COMPRESSOR SYNTHETIC 46 DE 5 GAL,5 GAL,Balde,1,63807,63807,82949,19142,0.2307692307692309,55000.0,80000.0,25000.0,0.33694197639513435,0.03555196566565,Industria,liviano
Concesionarios,1,Lubricante,5W30 sintetico,Vistony,Vistony,7,1000551,FRA ATTOM S310 SAE 5W30 ACEA A3/B4 - API SN DE 1L,1 L,Frasco/Botella,1,3770,3770,4900,1131,0.2307692307692308,8500.0,13000.0,4500.0,-0.7346938775510203,-1.6530612244897958,Concesionarios,liviano
Talleres,1,Lubricante,5W30 sintetico,Vistony,Vistony,7,1000551,FRA ATTOM S310 SAE 5W30 ACEA A3/B4 - API SN DE 1L,1 L,Frasco/Botella,1,3770,3770,4900,1131,0.2307692307692308,8500.0,13000.0,4500.0,-0.7346938775510203,-1.6530612244897958,Talleres,liviano
Flotas,1,Lubricante,Aceite engranajes,Vistony,Vistony,2,1000310,CIL ACEITE TRANSMEC API GL-4 SAE 80W90 DE 55 GAL,55 GAL,Tambor/Cilindro,1,502542,502542,653304,150762,0.2307692307692308,800000.0,1100000.0,300000.0,-0.2245447754797154,-0.6837490662846086,Flotas,camion_flota
Industria,1,Lubricante,Aceite engranajes,Vistony,Vistony,2,1000310,CIL ACEITE TRANSMEC API GL-4 SAE 80W90 DE 55 GAL,55 GAL,Tambor/Cilindro,1,502542,502542,653304,150762,0.2307692307692308,800000.0,1100000.0,300000.0,-0.2245447754797154,-0.6837490662846086,Industria,camion_flota
Talleres,3,Lubricante,Aceite engranajes,Vistony,Vistony,2,1000310,CIL ACEITE TRANSMEC API GL-4 SAE 80W90 DE 55 GAL,55 GAL,Tambor/Cilindro,1,502542,502542,653304,150762,0.2307692307692308,800000.0,1100000.0,300000.0,-0.2245447754797154,-0.6837490662846086,Talleres,camion_flota
Construccion (agro),1,Lubricante,Aceite engranajes,Vistony,Vistony,2,1000310,CIL ACEITE TRANSMEC API GL-4 SAE 80W90 DE 55 GAL,55 GAL,Tambor/Cilindro,1,502542,502542,653304,150762,0.2307692307692308,800000.0,1100000.0,300000.0,-0.2245447754797154,-0.6837490662846086,Agricola,camion_flota
Concesionarios,2,Lubricante,5W30 sintetico,Vistony,Vistony,5,1000553,GL ATTOM S310 SAE 5W30 ACEA A3/B4 - API SN DE 4L,4 L,Galon,1,13279,13279,17263,3984,0.2307692307692308,28000.0,42000.0,14000.0,-0.6219660545675723,-1.4329490818513584,Concesionarios,liviano
Talleres,1,Lubricante,5W30 sintetico,Vistony,Vistony,5,1000553,GL ATTOM S310 SAE 5W30 ACEA A3/B4 - API SN DE 4L,4 L,Galon,1,13279,13279,17263,3984,0.2307692307692308,28000.0,42000.0,14000.0,-0.6219660545675723,-1.4329490818513584,Talleres,liviano
Venta Libre (No Especifico),3,Lubricante,Otros,Vistony,Vistony,10,1000318,CIL TURBINIUM T ISO 46 DE 55 GAL,55 GAL,Tambor/Cilindro,1,494561,494561,642929,148368,0.2307692307692308,,,,1.0,1.0,"Talleres,Concesionarios",industrial
Venta Libre (No Especifico),1,Lubricante,Otros,Vistony,Vistony,81,1000555,FRA SINTEK OIL S 210 SAE 10W30 ACEA A3/B4 - API SN DE 1L,1 L,Frasco/Botella,1,3466,3466,4505,1040,0.2307692307692308,,,,1.0,1.0,"Talleres,Concesionarios",liviano
Flotas,1,Lubricante,Aceite engranajes,Vistony,Vistony,6,1000340,BAL TRANSMISION TRANSMEC DUAL GL-4 250 X 5 GAL,5 GAL,Balde,1,79772,79772,103704,23932,0.2307692307692308,70000.0,90000.0,20000.0,0.32500192856591836,0.1321453367276093,Flotas,liviano
Industria,1,Lubricante,Aceite engranajes,Vistony,Vistony,6,1000340,BAL TRANSMISION TRANSMEC DUAL GL-4 250 X 5 GAL,5 GAL,Balde,1,79772,79772,103704,23932,0.2307692307692308,70000.0,90000.0,20000.0,0.32500192856591836,0.1321453367276093,Industria,liviano
Talleres,2,Lubricante,Aceite engranajes,Vistony,Vistony,6,1000340,BAL TRANSMISION TRANSMEC DUAL GL-4 250 X 5 GAL,5 GAL,Balde,1,79772,79772,103704,23932,0.2307692307692308,70000.0,90000.0,20000.0,0.32500192856591836,0.1321453367276093,Talleres,liviano
Construccion (agro),1,Lubricante,Aceite engranajes,Vistony,Vistony,6,1000340,BAL TRANSMISION TRANSMEC DUAL GL-4 250 X 5 GAL,5 GAL,Balde,1,79772,79772,103704,23932,0.2307692307692308,70000.0,90000.0,20000.0,0.32500192856591836,0.1321453367276093,Agricola,liviano
Venta Libre (No Especifico),1,Lubricante,Otros,Vistony,Vistony,36,1000557,GL SINTEK OIL S 210 SAE 10W30 ACEA A3/B4 - API SN DE 4L,4 L,Galon,1,12745,12745,16568,3823,0.2307692307692308,,,,1.0,1.0,"Talleres,Concesionarios",liviano
Concesionarios,1,Lubricante,10W40 semisintetico,Vistony,Vistony,5,1000559,FRA SINTEK OIL S 210 SAE 10W40 ACEA A3/B4 - API SN DE 1L,1 L,Frasco/Botella,1,3481,3481,4525,1044,0.2307692307692307,5000.0,7500.0,2500.0,-0.1049723756906078,-0.6574585635359116,Concesionarios,liviano
Talleres,1,Lubricante,10W40 semisintetico,Vistony,Vistony,5,1000559,FRA SINTEK OIL S 210 SAE 10W40 ACEA A3/B4 - API SN DE 1L,1 L,Frasco/Botella,1,3481,3481,4525,1044,0.2307692307692307,5000.0,7500.0,2500.0,-0.1049723756906078,-0.6574585635359116,Talleres,liviano
Concesionarios,1,Lubricante,5W30 sintetico,Vistony,Vistony,6,1000363,CAJ12 ATTOM SAE 5W30 DE 1/4 GAL,1/4 GAL,Frasco/Botella,12,43110,3593,4671,1078,0.2307692307692308,8500.0,13000.0,4500.0,-0.8197388139584671,-1.7831299507600087,Concesionarios,liviano
Talleres,1,Lubricante,5W30 sintetico,Vistony,Vistony,6,1000363,CAJ12 ATTOM SAE 5W30 DE 1/4 GAL,1/4 GAL,Frasco/Botella,12,43110,3593,4671,1078,0.2307692307692308,8500.0,13000.0,4500.0,-0.8197388139584671,-1.7831299507600087,Talleres,liviano
Concesionarios,2,Lubricante,10W40 semisintetico,Vistony,Vistony,3,1000561,GL SINTEK OIL S 210 SAE 10W40 ACEA A3/B4 - API SN DE 4L,4 L,Galon,1,12381,12381,16095,3714,0.2307692307692308,18000.0,24000.0,6000.0,-0.11835973904939423,-0.49114631873252557,Concesionarios,liviano
Talleres,1,Lubricante,10W40 semisintetico,Vistony,Vistony,3,1000561,GL SINTEK OIL S 210 SAE 10W40 ACEA A3/B4 - API SN DE 4L,4 L,Galon,1,12381,12381,16095,3714,0.2307692307692308,18000.0,24000.0,6000.0,-0.11835973904939423,-0.49114631873252557,Talleres,liviano
Concesionarios,2,Lubricante,5W30 sintetico,Vistony,Vistony,8,1000365,CAJ04 ATTOM SAE 5W30 DE 1 GAL,1 GAL,Galon,4,73194,18298,23788,5490,0.2307692307692308,28000.0,42000.0,14000.0,-0.17706406591558776,-0.7655960988733816,Concesionarios,liviano
Talleres,1,Lubricante,5W30 sintetico,Vistony,Vistony,8,1000365,CAJ04 ATTOM SAE 5W30 DE 1 GAL,1 GAL,Galon,4,73194,18298,23788,5490,0.2307692307692308,28000.0,42000.0,14000.0,-0.17706406591558776,-0.7655960988733816,Talleres,liviano
Concesionarios,2,Lubricante,5W40 sintetico,Vistony,Vistony,4,1000569,GL ATTOM S310 SAE 5W40 ACEA A5/B5-API SN DE 4L,4 L,Galon,1,12982,12982,16876,3894,0.2307692307692308,28000.0,42000.0,14000.0,-0.6591609386110453,-1.4887414079165677,Concesionarios,liviano
Talleres,1,Lubricante,5W40 sintetico,Vistony,Vistony,4,1000569,GL ATTOM S310 SAE 5W40 ACEA A5/B5-API SN DE 4L,4 L,Galon,1,12982,12982,16876,3894,0.2307692307692308,28000.0,42000.0,14000.0,-0.6591609386110453,-1.4887414079165677,Talleres,liviano
Venta Libre (No Especifico),1,Lubricante,Otros,Vistony,Vistony,39,1000371,CAJ04 SINTEK OIL POWER 10W30 DE 1 GAL,1 GAL,Galon,4,56749,14187,18443,4256,0.2307692307692308,,,,1.0,1.0,"Talleres,Concesionarios",liviano
Flotas,3,Lubricante,Aceite engranajes,Vistony,Vistony,13,1000589,FRA GEAR OIL SYNTHETIC API GL-5 SAE J2360 75W-90 DE 1L,1 L,Frasco/Botella,1,3951,3951,5137,1185,0.2307692307692308,5000.0,8000.0,3000.0,0.02666926221530075,-0.5573291804555187,Flotas,camion_flota
Industria,3,Lubricante,Aceite engranajes,Vistony,Vistony,13,1000589,FRA GEAR OIL SYNTHETIC API GL-5 SAE J2360 75W-90 DE 1L,1 L,Frasco/Botella,1,3951,3951,5137,1185,0.2307692307692308,5000.0,8000.0,3000.0,0.02666926221530075,-0.5573291804555187,Industria,camion_flota
Talleres,1,Lubricante,Aceite engranajes,Vistony,Vistony,13,1000589,FRA GEAR OIL SYNTHETIC API GL-5 SAE J2360 75W-90 DE 1L,1 L,Frasco/Botella,1,3951,3951,5137,1185,0.2307692307692308,5000.0,8000.0,3000.0,0.02666926221530075,-0.5573291804555187,Talleres,camion_flota
Construccion (agro),3,Lubricante,Aceite engranajes,Vistony,Vistony,13,1000589,FRA GEAR OIL SYNTHETIC API GL-5 SAE J2360 75W-90 DE 1L,1 L,Frasco/Botella,1,3951,3951,5137,1185,0.2307692307692308,5000.0,8000.0,3000.0,0.02666926221530075,-0.5573291804555187,Agricola,camion_flota
Venta Libre (No Especifico),1,Lubricante,Otros,Vistony,Vistony,30,1000398,CAJ06 FORZA VIS SAE 25W60 API CF-4 DE 1 GAL,1 GAL,Galon,6,71585,11931,15511,3579,0.2307692307692308,,,,1.0,1.0,"Talleres,Concesionarios",liviano
Venta Libre (No Especifico),2,Lubricante,Otros,Vistony,Vistony,7,1000421,BAL FORZA ULTRA D SAE 50 DE 5 GAL,5 GAL,Balde,1,43969,43969,57159,13191,0.2307692307692308,,,,1.0,1.0,"Talleres,Concesionarios",liviano
Flotas,3,Lubricante,Aceite engranajes,Vistony,Vistony,14,1000619,FRA TRANSMEC SYNTHETIC API GL-4 SAE 75W90 DE 1L,1 L,Frasco/Botella,1,4243,4243,5516,1273,0.2307692307692308,5000.0,8000.0,3000.0,0.0935460478607687,-0.4503263234227701,Flotas,camion_flota
Industria,3,Lubricante,Aceite engranajes,Vistony,Vistony,14,1000619,FRA TRANSMEC SYNTHETIC API GL-4 SAE 75W90 DE 1L,1 L,Frasco/Botella,1,4243,4243,5516,1273,0.2307692307692308,5000.0,8000.0,3000.0,0.0935460478607687,-0.4503263234227701,Industria,camion_flota
Talleres,1,Lubricante,Aceite engranajes,Vistony,Vistony,14,1000619,FRA TRANSMEC SYNTHETIC API GL-4 SAE 75W90 DE 1L,1 L,Frasco/Botella,1,4243,4243,5516,1273,0.2307692307692308,5000.0,8000.0,3000.0,0.0935460478607687,-0.4503263234227701,Talleres,camion_flota
Construccion (agro),3,Lubricante,Aceite engranajes,Vistony,Vistony,14,1000619,FRA TRANSMEC SYNTHETIC API GL-4 SAE 75W90 DE 1L,1 L,Frasco/Botella,1,4243,4243,5516,1273,0.2307692307692308,5000.0,8000.0,3000.0,0.0935460478607687,-0.4503263234227701,Agricola,camion_flota
Venta Libre (No Especifico),3,Lubricante,Otros,Vistony,Vistony,8,1000422,CIL FORZA ULTRA D SAE 50 DE 55 GAL,55 GAL,Tambor/Cilindro,1,438722,438722,570339,131617,0.2307692307692307,,,,1.0,1.0,"Talleres,Concesionarios",liviano
Concesionarios,1,Lubricante,10W40 semisintetico,Vistony,Vistony,6,1000623,FRA SINTEK OIL RAYVON 4T SAE 10W40 JASO MA2 DE 1L,1 L,Frasco/Botella,1,3540,3540,4602,1062,0.2307692307692308,5000.0,7500.0,2500.0,-0.08648413733159499,-0.6297262059973925,Concesionarios,liviano
Talleres,1,Lubricante,10W40 semisintetico,Vistony,Vistony,6,1000623,FRA SINTEK OIL RAYVON 4T SAE 10W40 JASO MA2 DE 1L,1 L,Frasco/Botella,1,3540,3540,4602,1062,0.2307692307692308,5000.0,7500.0,2500.0,-0.08648413733159499,-0.6297262059973925,Talleres,liviano
Venta Libre (No Especifico),3,Lubricante,Otros,Vistony,Vistony,7,1000431,CIL BLINDAX HD SAE 40 MONOGRADO API SL DE 55 GAL,55 GAL,Tambor/Cilindro,1,430746,430746,559969,129224,0.2307692307692308,,,,1.0,1.0,"Talleres,Concesionarios",liviano
Venta Libre (No Especifico),3,Lubricante,Otros,Vistony,Vistony,8,1000437,CIL BLINDAX HD SAE 50 MONOGRADO API SL DE 55 GAL,55 GAL,Tambor/Cilindro,1,438722,438722,570339,131617,0.2307692307692307,,,,1.0,1.0,"Talleres,Concesionarios",liviano
Venta Libre (No Especifico),3,Lubricante,Otros,Vistony,Vistony,12,1000451,CIL FORZA VIS SAE 25W60 API CF-4 DE 55 GAL,55 GAL,Tambor/Cilindro,1,500079,500079,650103,150024,0.2307692307692308,,,,1.0,1.0,"Talleres,Concesionarios",liviano
Venta Libre (No Especifico),3,Lubricante,Otros,Vistony,Vistony,2,1000453,CIL FORZA ULTRA D SAE 40 API CF-4 DE 55 GAL,55 GAL,Tambor/Cilindro,1,358954,358954,466640,107686,0.2307692307692308,,,,1.0,1.0,"Talleres,Concesionarios",liviano
Venta Libre (No Especifico),2,Lubricante,Otros,Vistony,Vistony,4,1000455,BAL FORZA ULTRA D SAE 40 DE 5 GAL,5 GAL,Balde,1,40650,40650,52844,12195,0.2307692307692308,,,,1.0,1.0,"Talleres,Concesionarios",liviano
Construccion,1,Lubricante,10W30/10W40 CK-4,Vistony,Vistony,1,1000471,CIL Aceite Voltek SAE 10W40 API CK-4 De 55 Gl,55 Gl,Tambor/Cilindro,1,589016,589016,765721,176705,0.2307692307692308,750000.0,950000.0,200000.0,0.02053097668733128,-0.24066076286271376,Construccion,camion_flota
Flotas,1,Lubricante,10W30/10W40 CK-4,Vistony,Vistony,1,1000471,CIL Aceite Voltek SAE 10W40 API CK-4 De 55 Gl,55 Gl,Tambor/Cilindro,1,589016,589016,765721,176705,0.2307692307692308,750000.0,950000.0,200000.0,0.02053097668733128,-0.24066076286271376,Flotas,camion_flota
Construccion (agro),1,Lubricante,10W30/10W40 CK-4,Vistony,Vistony,1,1000471,CIL Aceite Voltek SAE 10W40 API CK-4 De 55 Gl,55 Gl,Tambor/Cilindro,1,589016,589016,765721,176705,0.2307692307692308,750000.0,950000.0,200000.0,0.02053097668733128,-0.24066076286271376,Agricola,camion_flota
Venta Libre (No Especifico),1,Lubricante,Otros,Vistony,Vistony,42,1000733,GL ATTOM RACING SAE 10W-60 DE 4L,4 L,Galon,1,27598,27598,35877,8279,0.2307692307692308,,,,1.0,1.0,"Talleres,Concesionarios",liviano
Venta Libre (No Especifico),1,Lubricante,Otros,Vistony,Vistony,79,1000479,CAJ12 BRIKSON CVT FULL SYNTHETIC DE 1/4 GAL,1/4 GAL,Frasco/Botella,12,41459,3455,4492,1037,0.2307692307692308,,,,1.0,1.0,"Talleres,Concesionarios",liviano
Concesionarios,2,Lubricante,5W30 sintetico,Vistony,Vistony,3,1000530,CAJ04 ATTOM S320 5W30 ACEA C3 API SN DE 1 GL,1 GL,Galon,4,51070,12768,16598,3830,0.2307692307692308,28000.0,42000.0,14000.0,-0.6869502349680685,-1.5304253524521028,Concesionarios,liviano
Talleres,1,Lubricante,5W30 sintetico,Vistony,Vistony,3,1000530,CAJ04 ATTOM S320 5W30 ACEA C3 API SN DE 1 GL,1 GL,Galon,4,51070,12768,16598,3830,0.2307692307692308,28000.0,42000.0,14000.0,-0.6869502349680685,-1.5304253524521028,Talleres,liviano
Concesionarios,2,Lubricante,5W30 sintetico,Vistony,Vistony,7,1000747,GL ATTOM S320 SAE 5W-30 ACEA C3/API SN de 5L,5 L,Galon,1,16954,16954,22040,5086,0.2307692307692308,28000.0,42000.0,14000.0,-0.2704174228675136,-0.9056261343012704,Concesionarios,liviano
Talleres,1,Lubricante,5W30 sintetico,Vistony,Vistony,7,1000747,GL ATTOM S320 SAE 5W-30 ACEA C3/API SN de 5L,5 L,Galon,1,16954,16954,22040,5086,0.2307692307692308,28000.0,42000.0,14000.0,-0.2704174228675136,-0.9056261343012704,Talleres,liviano
Concesionarios,1,Lubricante,5W30 sintetico,Vistony,Vistony,4,1000748,FRA ATTOM S320 SAE 5W30 ACEA C3/API SN DE 1L,1 L,Frasco/Botella,1,3462,3462,4500,1038,0.2307692307692308,8500.0,13000.0,4500.0,-0.8888888888888888,-1.8888888888888888,Concesionarios,liviano
Talleres,1,Lubricante,5W30 sintetico,Vistony,Vistony,4,1000748,FRA ATTOM S320 SAE 5W30 ACEA C3/API SN DE 1L,1 L,Frasco/Botella,1,3462,3462,4500,1038,0.2307692307692308,8500.0,13000.0,4500.0,-0.8888888888888888,-1.8888888888888888,Talleres,liviano
Venta Libre (No Especifico),1,Lubricante,Otros,Vistony,Vistony,67,1000750,FRA BLINDAX S-CLASS SAE 20W-50 API SG DE 1L,1 L,Frasco/Botella,1,2802,2802,3643,841,0.2307692307692308,,,,1.0,1.0,"Talleres,Concesionarios",liviano
Venta Libre (No Especifico),1,Lubricante,Otros,Vistony,Vistony,35,1000764,GL SINTEK OIL S200 SAE 10W-30 API SN-PLUS DE 5L,5 L,Galon,1,12667,12667,16467,3800,0.2307692307692308,,,,1.0,1.0,"Talleres,Concesionarios",liviano
Concesionarios,2,Lubricante,5W30 sintetico,Vistony,Vistony,4,1000765,GL ATTOM S400 SAE 5W30 API SP DE 1 GL,1 GL,Galon,1,13278,13278,17262,3984,0.2307692307692308,28000.0,42000.0,14000.0,-0.6220600162206003,-1.4330900243309004,Concesionarios,liviano
Talleres,1,Lubricante,5W30 sintetico,Vistony,Vistony,4,1000765,GL ATTOM S400 SAE 5W30 API SP DE 1 GL,1 GL,Galon,1,13278,13278,17262,3984,0.2307692307692308,28000.0,42000.0,14000.0,-0.6220600162206003,-1.4330900243309004,Talleres,liviano
Venta Libre (No Especifico),1,Lubricante,Otros,Vistony,Vistony,23,1000766,GL BLINDAX S-CLASS SAE 20W-50 API SG DE 4L,4 L,Galon,1,10202,10202,13262,3060,0.2307692307692308,,,,1.0,1.0,"Talleres,Concesionarios",liviano
Venta Libre (No Especifico),1,Lubricante,Otros,Vistony,Vistony,32,1000546,CAJ04 SINTEK OIL S200 SAE 10W30 API SN PLUS DE 1 GL,1 GL,Galon,4,49182,12296,15985,3689,0.2307692307692308,,,,1.0,1.0,"Talleres,Concesionarios",liviano
Venta Libre (No Especifico),1,Lubricante,Otros,Vistony,Vistony,89,1000780,FRA RAYVON FORK OIL 10W DE 1 L,1 L,Frasco/Botella,1,3864,3864,5023,1159,0.2307692307692308,,,,1.0,1.0,"Talleres,Concesionarios",liviano
Venta Libre (No Especifico),1,Lubricante,Otros,Vistony,Vistony,77,1000782,FRA SINTEK OIL RAYVON 4T 20W50 DE 1 L,1 L,Frasco/Botella,1,3414,3414,4438,1024,0.2307692307692307,,,,1.0,1.0,"Talleres,Concesionarios",liviano
Concesionarios,2,Lubricante,5W30 sintetico,Vistony,Vistony,5,1000552,CAJ04 ATTOM S310 SAE 5W30 ACEA A3/B4 - API SN DE 4L,4 L,Galon,4,53116,13279,17263,3984,0.2307692307692308,28000.0,42000.0,14000.0,-0.6219660545675723,-1.4329490818513584,Concesionarios,liviano
Talleres,1,Lubricante,5W30 sintetico,Vistony,Vistony,5,1000552,CAJ04 ATTOM S310 SAE 5W30 ACEA A3/B4 - API SN DE 4L,4 L,Galon,4,53116,13279,17263,3984,0.2307692307692308,28000.0,42000.0,14000.0,-0.6219660545675723,-1.4329490818513584,Talleres,liviano
Concesionarios,2,Lubricante,10W40 semisintetico,Vistony,Vistony,1,1000807,GL BLINDAX DUO SAE 10W40 DE 4 LT,4 LT,Galon,1,9706,9706,12617,2912,0.2307692307692308,18000.0,24000.0,6000.0,-0.42664658793691057,-0.9021954505825474,Concesionarios,liviano
Talleres,1,Lubricante,10W40 semisintetico,Vistony,Vistony,1,1000807,GL BLINDAX DUO SAE 10W40 DE 4 LT,4 LT,Galon,1,9706,9706,12617,2912,0.2307692307692308,18000.0,24000.0,6000.0,-0.42664658793691057,-0.9021954505825474,Talleres,liviano
Concesionarios,1,Lubricante,10W40 semisintetico,Vistony,Vistony,3,1000809,FRA BLINDAX DUO SAE 10W40 DE 1 LT,1 LT,Frasco/Botella,1,3221,3221,4187,966,0.2307692307692307,5000.0,7500.0,2500.0,-0.19417243850011934,-0.7912586577501792,Concesionarios,liviano
Talleres,1,Lubricante,10W40 semisintetico,Vistony,Vistony,3,1000809,FRA BLINDAX DUO SAE 10W40 DE 1 LT,1 LT,Frasco/Botella,1,3221,3221,4187,966,0.2307692307692307,5000.0,7500.0,2500.0,-0.19417243850011934,-0.7912586577501792,Talleres,liviano
Venta Libre (No Especifico),3,Lubricante,Otros,Vistony,Vistony,13,1000597,CIL SINTEK OIL S210 SAE 10W30 ACEA A3/B4 API SN DE 55 GAL,55 GAL,Tambor/Cilindro,1,504910,504910,656382,151473,0.2307692307692308,,,,1.0,1.0,"Talleres,Concesionarios",liviano
Venta Libre (No Especifico),1,Lubricante,Otros,Vistony,Vistony,23,1000599,CAJ04 BLINDAX S-CLASS SAE 20W-50 API SG DE 4L,4 L,Galon,4,40806,10202,13262,3060,0.2307692307692308,,,,1.0,1.0,"Talleres,Concesionarios",liviano
Venta Libre (No Especifico),1,Lubricante,Otros,Vistony,Vistony,1,1000638,CAJ04 SINTEK OIL S200 SAE 10W-30 API SN-PLUS DE 5L,5 L,Bidon,4,50670,12667,16467,3800,0.2307692307692308,,,,1.0,1.0,"Talleres,Concesionarios",liviano
Venta Libre (No Especifico),2,Lubricante,Otros,Vistony,Vistony,10,1000701,BAL VELTRON ISO VG 320 DE 5 GAL,5 GAL,Balde,1,46196,46196,60055,13859,0.2307692307692308,,,,1.0,1.0,"Talleres,Concesionarios",liviano
Venta Libre (No Especifico),3,Lubricante,Otros,Vistony,Vistony,9,1000704,CIL VELTRON ISO VG 150 DE 55 GAL,55 GAL,Tambor/Cilindro,1,470630,470630,611820,141189,0.2307692307692308,,,,1.0,1.0,"Talleres,Concesionarios",liviano
Venta Libre (No Especifico),3,Lubricante,Otros,Vistony,Vistony,16,1000707,CIL VELTRON ISO VG 460 DE 55 GAL,55 GAL,Tambor/Cilindro,1,526830,526830,684880,158049,0.2307692307692308,,,,1.0,1.0,"Talleres,Concesionarios",liviano
Venta Libre (No Especifico),1,Lubricante,Otros,Vistony,Vistony,41,1001503,GL ATTOM S420 SAE 0W-20 DE 5L,5 L,Galon,1,26204,26204,34065,7861,0.2307692307692309,,,,1.0,1.0,"Talleres,Concesionarios",liviano
Venta Libre (No Especifico),1,Lubricante,Otros,Vistony,Vistony,100,1001505,FRA ATTOM S420 SAE 0W-20 DE 1L,1 L,Frasco/Botella,1,6333,6333,8233,1900,0.2307692307692309,,,,1.0,1.0,"Talleres,Concesionarios",liviano
Venta Libre (No Especifico),3,Lubricante,Otros,Vistony,Vistony,7,1000853,CIL BLINDAX HD SAE 30 DE 55 GAL,55 GAL,Tambor/Cilindro,1,430746,430746,559969,129224,0.2307692307692308,,,,1.0,1.0,"Talleres,Concesionarios",liviano
Construccion (agro),3,Grasa,Grasa de litio EP2,Vistony,Vistony,7,1100037,TAP EP-2 LITHIUM MULTIPROPOSITO AMARILLO DE 453 GRS,453 GRS,Tarro,1,1926,1926,2504,578,0.2307692307692308,4500.0,7000.0,2500.0,-0.7971246006389776,-1.7955271565495208,Agricola,liviano
Industria,3,Grasa,Grasa para rodamientos,Vistony,Vistony,2,1100040,TAP H-3 PARA RODAMIENTOS ROJO DE 453 GRS,453 GRS,Tarro,1,1768,1768,2298,530,0.2307692307692308,4500.0,7000.0,2500.0,-0.95822454308094,-2.0461270670147953,Industria,liviano
Concesionarios,1,Grasa,Grasa multiproposito EP2,Vistony,Vistony,3,1100044,TAP GRAFITADA PARA PALIERES DE 453 GRS,453 GRS,Tarro,1,1766,1766,2296,530,0.2307692307692308,4500.0,7000.0,2500.0,-0.9599303135888502,-2.048780487804878,Concesionarios,liviano
Talleres,1,Grasa,Grasa multiproposito EP2,Vistony,Vistony,3,1100044,TAP GRAFITADA PARA PALIERES DE 453 GRS,453 GRS,Tarro,1,1766,1766,2296,530,0.2307692307692308,4500.0,7000.0,2500.0,-0.9599303135888502,-2.048780487804878,Talleres,liviano
Construccion (agro),3,Grasa,Grasa multiproposito EP2,Vistony,Vistony,3,1100044,TAP GRAFITADA PARA PALIERES DE 453 GRS,453 GRS,Tarro,1,1766,1766,2296,530,0.2307692307692308,4500.0,7000.0,2500.0,-0.9599303135888502,-2.048780487804878,Agricola,liviano
Construccion (agro),3,Grasa,Grasa de litio EP2,Vistony,Vistony,7,1100047,TAP EP-2 LITHIUM MULTIPROPOSITO ROJO DE 453 GRS,453 GRS,Tarro,1,1926,1926,2504,578,0.2307692307692308,4500.0,7000.0,2500.0,-0.7971246006389776,-1.7955271565495208,Agricola,liviano
Venta Libre (No Especifico),1,Lubricante,Otros,Vistony,Vistony,2,1001502,CAJ04 ATTOM S420 SAE 0W-20 DE 5L,5 L,Bidon,4,104815,26204,34065,7861,0.2307692307692309,,,,1.0,1.0,"Talleres,Concesionarios",liviano
Concesionarios,1,Grasa,Grasa multiproposito EP2,Vistony,Vistony,6,1100120,TAP COMPLEJO DE LITIO NLGI 2 DE 453 GRS,453 GRS,Tarro,1,3568,3568,4638,1070,0.2307692307692309,4500.0,7000.0,2500.0,0.02975420439844756,-0.5092712376024149,Concesionarios,liviano
Talleres,1,Grasa,Grasa multiproposito EP2,Vistony,Vistony,6,1100120,TAP COMPLEJO DE LITIO NLGI 2 DE 453 GRS,453 GRS,Tarro,1,3568,3568,4638,1070,0.2307692307692309,4500.0,7000.0,2500.0,0.02975420439844756,-0.5092712376024149,Talleres,liviano
Construccion (agro),3,Grasa,Grasa multiproposito EP2,Vistony,Vistony,6,1100120,TAP COMPLEJO DE LITIO NLGI 2 DE 453 GRS,453 GRS,Tarro,1,3568,3568,4638,1070,0.2307692307692309,4500.0,7000.0,2500.0,0.02975420439844756,-0.5092712376024149,Agricola,liviano
Venta Libre (No Especifico),1,Lubricante,Otros,Vistony,Vistony,100,1001504,CAJ12 ATTOM S420 SAE 0W-20 DE 1L,1 L,Frasco/Botella,12,75998,6333,8233,1900,0.2307692307692309,,,,1.0,1.0,"Talleres,Concesionarios",liviano
Construccion (agro),1,Grasa,Grasa de litio EP2,Vistony,Vistony,1,1100003,BAL EP-2 LITHIUM MULTIPROPOSITO AMARILLO DE 35 LIBRAS,35 LIBRAS,Balde,1,49212,49212,63976,14764,0.2307692307692308,60000.0,85000.0,25000.0,0.06214830561460549,-0.32862323371264224,Agricola,liviano
Construccion (agro),3,Grasa,Grasa de litio EP2,Vistony,Vistony,1,1100140,TAP EP-2 LITHIUM MULTIPROPOSITO AMARILLO DE 210 GRS,210 GRS,Tarro,1,738,738,960,222,0.2307692307692308,4500.0,7000.0,2500.0,-3.6875,-6.291666666666667,Agricola,liviano
Concesionarios,3,Grasa,Grasa multiproposito EP2,Vistony,Vistony,2,1100012,BAL GRAFITADA PARA PALIERES DE 35 LIBRAS,35 LIBRAS,Balde,1,67834,67834,88185,20350,0.2307692307692308,60000.0,85000.0,25000.0,0.3196121789419969,0.03611725350116235,Concesionarios,liviano
Talleres,2,Grasa,Grasa multiproposito EP2,Vistony,Vistony,2,1100012,BAL GRAFITADA PARA PALIERES DE 35 LIBRAS,35 LIBRAS,Balde,1,67834,67834,88185,20350,0.2307692307692308,60000.0,85000.0,25000.0,0.3196121789419969,0.03611725350116235,Talleres,liviano
Construccion (agro),1,Grasa,Grasa multiproposito EP2,Vistony,Vistony,2,1100012,BAL GRAFITADA PARA PALIERES DE 35 LIBRAS,35 LIBRAS,Balde,1,67834,67834,88185,20350,0.2307692307692308,60000.0,85000.0,25000.0,0.3196121789419969,0.03611725350116235,Agricola,liviano
Concesionarios,1,Grasa,Grasa multiproposito EP2,Vistony,Vistony,1,1100143,TAP GRAFITADA PARA PALIERES DE 210 GRS,210 GRS,Tarro,1,953,953,1239,286,0.2307692307692308,4500.0,7000.0,2500.0,-2.6319612590799033,-4.649717514124294,Concesionarios,liviano
Talleres,1,Grasa,Grasa multiproposito EP2,Vistony,Vistony,1,1100143,TAP GRAFITADA PARA PALIERES DE 210 GRS,210 GRS,Tarro,1,953,953,1239,286,0.2307692307692308,4500.0,7000.0,2500.0,-2.6319612590799033,-4.649717514124294,Talleres,liviano
Construccion (agro),3,Grasa,Grasa multiproposito EP2,Vistony,Vistony,1,1100143,TAP GRAFITADA PARA PALIERES DE 210 GRS,210 GRS,Tarro,1,953,953,1239,286,0.2307692307692308,4500.0,7000.0,2500.0,-2.6319612590799033,-4.649717514124294,Agricola,liviano
Construccion (agro),3,Grasa,Grasa de litio EP2,Vistony,Vistony,7,1100035,CAJ12 EP-2 LITHIUM MULTIPROPOSITO AMARILLO DE 453 GRS,453 GRS,Tarro,12,23118,1926,2504,578,0.2307692307692308,4500.0,7000.0,2500.0,-0.7971246006389776,-1.7955271565495208,Agricola,liviano
Construccion (agro),3,Grasa,Grasa de litio EP2,Vistony,Vistony,7,1100036,CAJ24 EP-2 LITHIUM MULTIPROPOSITO AMARILLO DE 453 GRS,453 GRS,Tarro,24,46235,1926,2504,578,0.2307692307692308,4500.0,7000.0,2500.0,-0.7971246006389776,-1.7955271565495208,Agricola,liviano
Construccion (agro),3,Grasa,Grasa de litio EP2,Vistony,Vistony,2,1100146,TAP EP-2 LITHIUM MULTIPROPOSITO ROJO DE 210 GRS,210 GRS,Tarro,1,842,842,1094,252,0.2307692307692309,4500.0,7000.0,2500.0,-3.113345521023766,-5.39853747714808,Agricola,liviano
Industria,3,Grasa,Grasa para rodamientos,Vistony,Vistony,2,1100038,CAJ12 H-3 PARA RODAMIENTOS ROJO DE 453 GRS,453 GRS,Tarro,12,21216,1768,2298,530,0.2307692307692308,4500.0,7000.0,2500.0,-0.95822454308094,-2.0461270670147953,Industria,liviano
Industria,3,Grasa,Grasa para rodamientos,Vistony,Vistony,1,1100155,TAP H-3 PARA RODAMIENTOS ROJO DE 210 GRS,210 GRS,Tarro,1,846,846,1100,254,0.2307692307692308,4500.0,7000.0,2500.0,-3.090909090909091,-5.363636363636363,Industria,liviano
Concesionarios,1,Grasa,Grasa multiproposito EP2,Vistony,Vistony,3,1100042,CAJ12 GRAFITADA PARA PALIERES DE 453 GRS,453 GRS,Tarro,12,21194,1766,2296,530,0.2307692307692308,4500.0,7000.0,2500.0,-0.9599303135888502,-2.048780487804878,Concesionarios,liviano
Talleres,1,Grasa,Grasa multiproposito EP2,Vistony,Vistony,3,1100042,CAJ12 GRAFITADA PARA PALIERES DE 453 GRS,453 GRS,Tarro,12,21194,1766,2296,530,0.2307692307692308,4500.0,7000.0,2500.0,-0.9599303135888502,-2.048780487804878,Talleres,liviano
Construccion (agro),3,Grasa,Grasa multiproposito EP2,Vistony,Vistony,3,1100042,CAJ12 GRAFITADA PARA PALIERES DE 453 GRS,453 GRS,Tarro,12,21194,1766,2296,530,0.2307692307692308,4500.0,7000.0,2500.0,-0.9599303135888502,-2.048780487804878,Agricola,liviano
Concesionarios,1,Grasa,Grasa multiproposito EP2,Vistony,Vistony,2,1100185,FRA GRASA LITHIUM WHITE DE 10 ONZ/296 ML,296 ML,Frasco/Botella,1,2645,2645,3438,793,0.2307692307692308,4500.0,7000.0,2500.0,-0.30890052356020936,-1.0360674810936592,Concesionarios,liviano
Talleres,1,Grasa,Grasa multiproposito EP2,Vistony,Vistony,2,1100185,FRA GRASA LITHIUM WHITE DE 10 ONZ/296 ML,296 ML,Frasco/Botella,1,2645,2645,3438,793,0.2307692307692308,4500.0,7000.0,2500.0,-0.30890052356020936,-1.0360674810936592,Talleres,liviano
Construccion (agro),3,Grasa,Grasa multiproposito EP2,Vistony,Vistony,2,1100185,FRA GRASA LITHIUM WHITE DE 10 ONZ/296 ML,296 ML,Frasco/Botella,1,2645,2645,3438,793,0.2307692307692308,4500.0,7000.0,2500.0,-0.30890052356020936,-1.0360674810936592,Agricola,liviano
Concesionarios,1,Grasa,Grasa multiproposito EP2,Vistony,Vistony,3,1100043,CAJ24 GRAFITADA PARA PALIERES DE 453 GRS,453 GRS,Tarro,24,42390,1766,2296,530,0.2307692307692308,4500.0,7000.0,2500.0,-0.9599303135888502,-2.048780487804878,Concesionarios,liviano
Talleres,1,Grasa,Grasa multiproposito EP2,Vistony,Vistony,3,1100043,CAJ24 GRAFITADA PARA PALIERES DE 453 GRS,453 GRS,Tarro,24,42390,1766,2296,530,0.2307692307692308,4500.0,7000.0,2500.0,-0.9599303135888502,-2.048780487804878,Talleres,liviano
Construccion (agro),3,Grasa,Grasa multiproposito EP2,Vistony,Vistony,3,1100043,CAJ24 GRAFITADA PARA PALIERES DE 453 GRS,453 GRS,Tarro,24,42390,1766,2296,530,0.2307692307692308,4500.0,7000.0,2500.0,-0.9599303135888502,-2.048780487804878,Agricola,liviano
Construccion (agro),3,Grasa,Grasa de litio EP2,Vistony,Vistony,7,1100045,CAJ12 EP-2 LITHIUM MULTIPROPOSITO ROJO DE 453 GRS,453 GRS,Tarro,12,23118,1926,2504,578,0.2307692307692308,4500.0,7000.0,2500.0,-0.7971246006389776,-1.7955271565495208,Agricola,liviano
Concesionarios,1,Grasa,Grasa multiproposito EP2,Vistony,Vistony,1,1100130,CIL COMPLEJO DE LITIO NLGI 2 CILINDRO,Cilindro/Tambor,Tambor/Cilindro,1,1015106,1015106,1319638,304532,0.2307692307692308,,,,1.0,1.0,Concesionarios,liviano
Talleres,3,Grasa,Grasa multiproposito EP2,Vistony,Vistony,1,1100130,CIL COMPLEJO DE LITIO NLGI 2 CILINDRO,Cilindro/Tambor,Tambor/Cilindro,1,1015106,1015106,1319638,304532,0.2307692307692308,,,,1.0,1.0,Talleres,liviano
Construccion (agro),1,Grasa,Grasa multiproposito EP2,Vistony,Vistony,1,1100130,CIL COMPLEJO DE LITIO NLGI 2 CILINDRO,Cilindro/Tambor,Tambor/Cilindro,1,1015106,1015106,1319638,304532,0.2307692307692308,,,,1.0,1.0,Agricola,liviano
Construccion (agro),3,Grasa,Grasa de litio EP2,Vistony,Vistony,3,1100138,CAJ12 EP-2 LITHIUM MULTIPROPOSITO AMARILLO DE 210 GRS,210 GRS,Tarro,12,10942,912,1186,274,0.2307692307692309,4500.0,7000.0,2500.0,-2.794266441821248,-4.902192242833053,Agricola,liviano
Concesionarios,1,Grasa,Grasa multiproposito EP2,Vistony,Vistony,1,1100141,CAJ12 GRAFITADA PARA PALIERES DE 210 GRS,210 GRS,Tarro,12,11434,953,1239,286,0.2307692307692308,4500.0,7000.0,2500.0,-2.6319612590799033,-4.649717514124294,Concesionarios,liviano
Talleres,1,Grasa,Grasa multiproposito EP2,Vistony,Vistony,1,1100141,CAJ12 GRAFITADA PARA PALIERES DE 210 GRS,210 GRS,Tarro,12,11434,953,1239,286,0.2307692307692308,4500.0,7000.0,2500.0,-2.6319612590799033,-4.649717514124294,Talleres,liviano
Construccion (agro),3,Grasa,Grasa multiproposito EP2,Vistony,Vistony,1,1100141,CAJ12 GRAFITADA PARA PALIERES DE 210 GRS,210 GRS,Tarro,12,11434,953,1239,286,0.2307692307692308,4500.0,7000.0,2500.0,-2.6319612590799033,-4.649717514124294,Agricola,liviano
Concesionarios,1,Grasa,Grasa multiproposito EP2,Vistony,Vistony,1,1100142,CAJ24 GRAFITADA PARA PALIERES DE 210 GRS,210 GRS,Tarro,24,22867,953,1239,286,0.2307692307692308,4500.0,7000.0,2500.0,-2.6319612590799033,-4.649717514124294,Concesionarios,liviano
Talleres,1,Grasa,Grasa multiproposito EP2,Vistony,Vistony,1,1100142,CAJ24 GRAFITADA PARA PALIERES DE 210 GRS,210 GRS,Tarro,24,22867,953,1239,286,0.2307692307692308,4500.0,7000.0,2500.0,-2.6319612590799033,-4.649717514124294,Talleres,liviano
Construccion (agro),3,Grasa,Grasa multiproposito EP2,Vistony,Vistony,1,1100142,CAJ24 GRAFITADA PARA PALIERES DE 210 GRS,210 GRS,Tarro,24,22867,953,1239,286,0.2307692307692308,4500.0,7000.0,2500.0,-2.6319612590799033,-4.649717514124294,Agricola,liviano
Construccion (agro),3,Grasa,Grasa de litio EP2,Vistony,Vistony,3,1100144,CAJ12 EP-2 LITHIUM MULTIPROPOSITO ROJO DE 210 GRS,210 GRS,Tarro,12,10942,912,1186,274,0.2307692307692309,4500.0,7000.0,2500.0,-2.794266441821248,-4.902192242833053,Agricola,liviano
Construccion (agro),3,Grasa,Grasa de litio EP2,Vistony,Vistony,2,1100145,CAJ24 EP-2 LITHIUM MULTIPROPOSITO ROJO DE 210 GRS,210 GRS,Tarro,24,20200,842,1094,252,0.2307692307692309,4500.0,7000.0,2500.0,-3.113345521023766,-5.39853747714808,Agricola,liviano
Industria,3,Grasa,Grasa para rodamientos,Vistony,Vistony,1,1100153,CAJ12 H-3 PARA RODAMIENTOS ROJO DE 210 GRS,210 GRS,Tarro,12,10158,846,1100,254,0.2307692307692308,4500.0,7000.0,2500.0,-3.090909090909091,-5.363636363636363,Industria,liviano
Concesionarios,1,Grasa,Grasa multiproposito EP2,Vistony,Vistony,2,1100198,CIL COMPLEX MOLY NLGI 2 DE 400 LB,400 LB,Tambor/Cilindro,1,1068442,1068442,1388974,320532,0.2307692307692308,750000.0,900000.0,150000.0,0.4600330891722956,0.3520397070067546,Concesionarios,liviano
Talleres,3,Grasa,Grasa multiproposito EP2,Vistony,Vistony,2,1100198,CIL COMPLEX MOLY NLGI 2 DE 400 LB,400 LB,Tambor/Cilindro,1,1068442,1068442,1388974,320532,0.2307692307692308,750000.0,900000.0,150000.0,0.4600330891722956,0.3520397070067546,Talleres,liviano
Construccion (agro),1,Grasa,Grasa multiproposito EP2,Vistony,Vistony,2,1100198,CIL COMPLEX MOLY NLGI 2 DE 400 LB,400 LB,Tambor/Cilindro,1,1068442,1068442,1388974,320532,0.2307692307692308,750000.0,900000.0,150000.0,0.4600330891722956,0.3520397070067546,Agricola,liviano
Construccion (agro),3,Grasa,Grasa de litio EP2,Vistony,Vistony,1,1100263,CAJ24 EP-2 LITHIUM MULTIPROPOSITO AMARILLO DE 210 GRS,210 GRS,Tarro,24,17725,738,960,222,0.2307692307692308,4500.0,7000.0,2500.0,-3.6875,-6.291666666666667,Agricola,liviano
Concesionarios,2,Refrigerante/Aditivo Diesel,Refrigerante verde convencional,Vistony,Vistony,1,1200010,GL LIQUIDO PARA RADIADOR VERDE DE 1 GAL,1 GAL,Galon,1,1896,1896,2465,569,0.2307692307692308,12000.0,16000.0,4000.0,-3.8681541582150105,-5.490872210953347,Concesionarios,liviano
Talleres,1,Refrigerante/Aditivo Diesel,Refrigerante verde convencional,Vistony,Vistony,1,1200010,GL LIQUIDO PARA RADIADOR VERDE DE 1 GAL,1 GAL,Galon,1,1896,1896,2465,569,0.2307692307692308,12000.0,16000.0,4000.0,-3.8681541582150105,-5.490872210953347,Talleres,liviano
Construccion (agro),2,Refrigerante/Aditivo Diesel,Refrigerante verde convencional,Vistony,Vistony,1,1200010,GL LIQUIDO PARA RADIADOR VERDE DE 1 GAL,1 GAL,Galon,1,1896,1896,2465,569,0.2307692307692308,12000.0,16000.0,4000.0,-3.8681541582150105,-5.490872210953347,Agricola,liviano
Construccion,3,Refrigerante/Aditivo Diesel,Concentrado 50/50 industrial,Vistony,Vistony,1,1200024,FRA LIQUIDO PARA RADIADOR DE 1/4 GL,1/4 GL,Frasco/Botella,1,572,572,744,172,0.2307692307692308,3500.0,5500.0,2000.0,-3.704301075268817,-6.39247311827957,Construccion,liviano
Industria,3,Refrigerante/Aditivo Diesel,Concentrado 50/50 industrial,Vistony,Vistony,1,1200024,FRA LIQUIDO PARA RADIADOR DE 1/4 GL,1/4 GL,Frasco/Botella,1,572,572,744,172,0.2307692307692308,3500.0,5500.0,2000.0,-3.704301075268817,-6.39247311827957,Industria,liviano
Concesionarios,1,Grasa,Grasa multiproposito EP2,Vistony,Vistony,2,1100271,CIL COMPLEX MOLY NLGI 2 DE 400 LB,400 LB,Tambor/Cilindro,1,1068442,1068442,1388974,320532,0.2307692307692308,750000.0,900000.0,150000.0,0.4600330891722956,0.3520397070067546,Concesionarios,liviano
Talleres,3,Grasa,Grasa multiproposito EP2,Vistony,Vistony,2,1100271,CIL COMPLEX MOLY NLGI 2 DE 400 LB,400 LB,Tambor/Cilindro,1,1068442,1068442,1388974,320532,0.2307692307692308,750000.0,900000.0,150000.0,0.4600330891722956,0.3520397070067546,Talleres,liviano
Construccion (agro),1,Grasa,Grasa multiproposito EP2,Vistony,Vistony,2,1100271,CIL COMPLEX MOLY NLGI 2 DE 400 LB,400 LB,Tambor/Cilindro,1,1068442,1068442,1388974,320532,0.2307692307692308,750000.0,900000.0,150000.0,0.4600330891722956,0.3520397070067546,Agricola,liviano
Concesionarios,2,Refrigerante/Aditivo Diesel,Refrigerante rojo OAT,Vistony,Vistony,1,1200036,GL LIQUIDO PARA RADIADOR ROJO - 1 GAL,1 GAL,Galon,1,1714,1714,2229,514,0.2307692307692308,12000.0,16000.0,4000.0,-4.383580080753701,-6.178106774338269,Concesionarios,liviano
Flotas,2,Refrigerante/Aditivo Diesel,Refrigerante rojo OAT,Vistony,Vistony,1,1200036,GL LIQUIDO PARA RADIADOR ROJO - 1 GAL,1 GAL,Galon,1,1714,1714,2229,514,0.2307692307692308,12000.0,16000.0,4000.0,-4.383580080753701,-6.178106774338269,Flotas,liviano
Talleres,1,Refrigerante/Aditivo Diesel,Refrigerante rojo OAT,Vistony,Vistony,1,1200036,GL LIQUIDO PARA RADIADOR ROJO - 1 GAL,1 GAL,Galon,1,1714,1714,2229,514,0.2307692307692308,12000.0,16000.0,4000.0,-4.383580080753701,-6.178106774338269,Talleres,liviano
Construccion (agro),2,Refrigerante/Aditivo Diesel,Refrigerante rojo OAT,Vistony,Vistony,1,1200036,GL LIQUIDO PARA RADIADOR ROJO - 1 GAL,1 GAL,Galon,1,1714,1714,2229,514,0.2307692307692308,12000.0,16000.0,4000.0,-4.383580080753701,-6.178106774338269,Agricola,liviano
Concesionarios,1,Refrigerante/Aditivo Diesel,Refrigerante rojo OAT,Vistony,Vistony,1,1200040,FRA LIQUIDO PARA RADIADOR ROJO DE 1/4 GL,1/4 GL,Frasco/Botella,1,572,572,744,172,0.2307692307692308,3500.0,5500.0,2000.0,-3.704301075268817,-6.39247311827957,Concesionarios,liviano
Flotas,3,Refrigerante/Aditivo Diesel,Refrigerante rojo OAT,Vistony,Vistony,1,1200040,FRA LIQUIDO PARA RADIADOR ROJO DE 1/4 GL,1/4 GL,Frasco/Botella,1,572,572,744,172,0.2307692307692308,3500.0,5500.0,2000.0,-3.704301075268817,-6.39247311827957,Flotas,liviano
Talleres,1,Refrigerante/Aditivo Diesel,Refrigerante rojo OAT,Vistony,Vistony,1,1200040,FRA LIQUIDO PARA RADIADOR ROJO DE 1/4 GL,1/4 GL,Frasco/Botella,1,572,572,744,172,0.2307692307692308,3500.0,5500.0,2000.0,-3.704301075268817,-6.39247311827957,Talleres,liviano
Construccion (agro),3,Refrigerante/Aditivo Diesel,Refrigerante rojo OAT,Vistony,Vistony,1,1200040,FRA LIQUIDO PARA RADIADOR ROJO DE 1/4 GL,1/4 GL,Frasco/Botella,1,572,572,744,172,0.2307692307692308,3500.0,5500.0,2000.0,-3.704301075268817,-6.39247311827957,Agricola,liviano
Concesionarios,2,Refrigerante/Aditivo Diesel,Refrigerante verde convencional,Vistony,Vistony,3,1200080,GL COOLANT ICE FREEZE ORGANICO (OAT) 33% GREEN DE 1 GL,1 GL,Galon,1,5416,5416,7041,1625,0.2307692307692308,12000.0,16000.0,4000.0,-0.7043033659991478,-1.2724044879988639,Concesionarios,liviano
Talleres,1,Refrigerante/Aditivo Diesel,Refrigerante verde convencional,Vistony,Vistony,3,1200080,GL COOLANT ICE FREEZE ORGANICO (OAT) 33% GREEN DE 1 GL,1 GL,Galon,1,5416,5416,7041,1625,0.2307692307692308,12000.0,16000.0,4000.0,-0.7043033659991478,-1.2724044879988639,Talleres,liviano
Construccion (agro),2,Refrigerante/Aditivo Diesel,Refrigerante verde convencional,Vistony,Vistony,3,1200080,GL COOLANT ICE FREEZE ORGANICO (OAT) 33% GREEN DE 1 GL,1 GL,Galon,1,5416,5416,7041,1625,0.2307692307692308,12000.0,16000.0,4000.0,-0.7043033659991478,-1.2724044879988639,Agricola,liviano
Concesionarios,2,Refrigerante/Aditivo Diesel,Refrigerante rojo OAT,Vistony,Vistony,3,1200084,GL COOLANT ICE FREEZE ORGANICO (OAT) 50/50 LONG LIFE FUCHSIA DE 4L,4 L,Galon,1,6754,6754,8781,2026,0.2307692307692308,12000.0,16000.0,4000.0,-0.36658694909463607,-0.8221159321261815,Concesionarios,liviano
Flotas,2,Refrigerante/Aditivo Diesel,Refrigerante rojo OAT,Vistony,Vistony,3,1200084,GL COOLANT ICE FREEZE ORGANICO (OAT) 50/50 LONG LIFE FUCHSIA DE 4L,4 L,Galon,1,6754,6754,8781,2026,0.2307692307692308,12000.0,16000.0,4000.0,-0.36658694909463607,-0.8221159321261815,Flotas,liviano
Talleres,1,Refrigerante/Aditivo Diesel,Refrigerante rojo OAT,Vistony,Vistony,3,1200084,GL COOLANT ICE FREEZE ORGANICO (OAT) 50/50 LONG LIFE FUCHSIA DE 4L,4 L,Galon,1,6754,6754,8781,2026,0.2307692307692308,12000.0,16000.0,4000.0,-0.36658694909463607,-0.8221159321261815,Talleres,liviano
Construccion (agro),2,Refrigerante/Aditivo Diesel,Refrigerante rojo OAT,Vistony,Vistony,3,1200084,GL COOLANT ICE FREEZE ORGANICO (OAT) 50/50 LONG LIFE FUCHSIA DE 4L,4 L,Galon,1,6754,6754,8781,2026,0.2307692307692308,12000.0,16000.0,4000.0,-0.36658694909463607,-0.8221159321261815,Agricola,liviano
Concesionarios,2,Refrigerante/Aditivo Diesel,Refrigerante rojo OAT,Vistony,Vistony,6,1200086,GL COOLANT ICE FREEZE SI-ORGANICO (SI-OAT) G12++ 50/50 COLOR ROSA DE 5L,5 L,Galon,1,1636,8180,10634,2454,0.2307692307692308,12000.0,16000.0,4000.0,-0.12845589618205766,-0.5046078615760767,Concesionarios,liviano
Flotas,2,Refrigerante/Aditivo Diesel,Refrigerante rojo OAT,Vistony,Vistony,6,1200086,GL COOLANT ICE FREEZE SI-ORGANICO (SI-OAT) G12++ 50/50 COLOR ROSA DE 5L,5 L,Galon,1,1636,8180,10634,2454,0.2307692307692308,12000.0,16000.0,4000.0,-0.12845589618205766,-0.5046078615760767,Flotas,liviano
Talleres,1,Refrigerante/Aditivo Diesel,Refrigerante rojo OAT,Vistony,Vistony,6,1200086,GL COOLANT ICE FREEZE SI-ORGANICO (SI-OAT) G12++ 50/50 COLOR ROSA DE 5L,5 L,Galon,1,1636,8180,10634,2454,0.2307692307692308,12000.0,16000.0,4000.0,-0.12845589618205766,-0.5046078615760767,Talleres,liviano
Construccion (agro),2,Refrigerante/Aditivo Diesel,Refrigerante rojo OAT,Vistony,Vistony,6,1200086,GL COOLANT ICE FREEZE SI-ORGANICO (SI-OAT) G12++ 50/50 COLOR ROSA DE 5L,5 L,Galon,1,1636,8180,10634,2454,0.2307692307692308,12000.0,16000.0,4000.0,-0.12845589618205766,-0.5046078615760767,Agricola,liviano
Concesionarios,1,Refrigerante/Aditivo Diesel,Refrigerante verde convencional,Vistony,Vistony,1,1200089,FRA COOLANT ICE FREEZE ORGANICO (OAT) CONCENTRATE EXTENDED LIFE GREEN DE 1/4 GL,1/4 GL,Frasco/Botella,1,2754,2754,3580,826,0.2307692307692308,3500.0,5500.0,2000.0,0.022346368715083775,-0.5363128491620113,Concesionarios,liviano
Talleres,1,Refrigerante/Aditivo Diesel,Refrigerante verde convencional,Vistony,Vistony,1,1200089,FRA COOLANT ICE FREEZE ORGANICO (OAT) CONCENTRATE EXTENDED LIFE GREEN DE 1/4 GL,1/4 GL,Frasco/Botella,1,2754,2754,3580,826,0.2307692307692308,3500.0,5500.0,2000.0,0.022346368715083775,-0.5363128491620113,Talleres,liviano
Construccion (agro),3,Refrigerante/Aditivo Diesel,Refrigerante verde convencional,Vistony,Vistony,1,1200089,FRA COOLANT ICE FREEZE ORGANICO (OAT) CONCENTRATE EXTENDED LIFE GREEN DE 1/4 GL,1/4 GL,Frasco/Botella,1,2754,2754,3580,826,0.2307692307692308,3500.0,5500.0,2000.0,0.022346368715083775,-0.5363128491620113,Agricola,liviano
Construccion,3,Refrigerante/Aditivo Diesel,Concentrado 50/50 industrial,Vistony,Vistony,1,1200022,CAJ12 LIQUIDO PARA RADIADOR DE 1/4 GL,1/4 GL,Frasco/Botella,12,6866,572,744,172,0.2307692307692308,3500.0,5500.0,2000.0,-3.704301075268817,-6.39247311827957,Construccion,liviano
Industria,3,Refrigerante/Aditivo Diesel,Concentrado 50/50 industrial,Vistony,Vistony,1,1200022,CAJ12 LIQUIDO PARA RADIADOR DE 1/4 GL,1/4 GL,Frasco/Botella,12,6866,572,744,172,0.2307692307692308,3500.0,5500.0,2000.0,-3.704301075268817,-6.39247311827957,Industria,liviano
Concesionarios,2,Refrigerante/Aditivo Diesel,Refrigerante verde convencional,Vistony,Vistony,7,1200091,GL COOLANT ICE FREEZE ORGANICO (OAT) CONCENTRADO EXTENDED LIFE GREEN DE 1 GL,1 GL,Galon,1,10359,10359,13467,3108,0.2307692307692308,12000.0,16000.0,4000.0,0.10893294720427715,-0.1880894037276306,Concesionarios,liviano
Talleres,1,Refrigerante/Aditivo Diesel,Refrigerante verde convencional,Vistony,Vistony,7,1200091,GL COOLANT ICE FREEZE ORGANICO (OAT) CONCENTRADO EXTENDED LIFE GREEN DE 1 GL,1 GL,Galon,1,10359,10359,13467,3108,0.2307692307692308,12000.0,16000.0,4000.0,0.10893294720427715,-0.1880894037276306,Talleres,liviano
Construccion (agro),2,Refrigerante/Aditivo Diesel,Refrigerante verde convencional,Vistony,Vistony,7,1200091,GL COOLANT ICE FREEZE ORGANICO (OAT) CONCENTRADO EXTENDED LIFE GREEN DE 1 GL,1 GL,Galon,1,10359,10359,13467,3108,0.2307692307692308,12000.0,16000.0,4000.0,0.10893294720427715,-0.1880894037276306,Agricola,liviano
Concesionarios,1,Refrigerante/Aditivo Diesel,Refrigerante rojo OAT,Vistony,Vistony,1,1200038,CAJ12 LIQUIDO PARA RADIADOR ROJO DE 1/4 GL,1/4 GL,Frasco/Botella,12,6866,572,744,172,0.2307692307692308,3500.0,5500.0,2000.0,-3.704301075268817,-6.39247311827957,Concesionarios,liviano
Flotas,3,Refrigerante/Aditivo Diesel,Refrigerante rojo OAT,Vistony,Vistony,1,1200038,CAJ12 LIQUIDO PARA RADIADOR ROJO DE 1/4 GL,1/4 GL,Frasco/Botella,12,6866,572,744,172,0.2307692307692308,3500.0,5500.0,2000.0,-3.704301075268817,-6.39247311827957,Flotas,liviano
Talleres,1,Refrigerante/Aditivo Diesel,Refrigerante rojo OAT,Vistony,Vistony,1,1200038,CAJ12 LIQUIDO PARA RADIADOR ROJO DE 1/4 GL,1/4 GL,Frasco/Botella,12,6866,572,744,172,0.2307692307692308,3500.0,5500.0,2000.0,-3.704301075268817,-6.39247311827957,Talleres,liviano
Construccion (agro),3,Refrigerante/Aditivo Diesel,Refrigerante rojo OAT,Vistony,Vistony,1,1200038,CAJ12 LIQUIDO PARA RADIADOR ROJO DE 1/4 GL,1/4 GL,Frasco/Botella,12,6866,572,744,172,0.2307692307692308,3500.0,5500.0,2000.0,-3.704301075268817,-6.39247311827957,Agricola,liviano
Concesionarios,2,Refrigerante/Aditivo Diesel,Refrigerante verde convencional,Vistony,Vistony,5,1200106,GL COOLANTT ICE FREEZE ORGANICO (OAT) 50/50 GREEN - 5 IDIOMAS DE 4L,4 L,Galon,1,6741,6741,8763,2022,0.2307692307692308,12000.0,16000.0,4000.0,-0.3693940431359124,-0.8258587241812165,Concesionarios,liviano
Talleres,1,Refrigerante/Aditivo Diesel,Refrigerante verde convencional,Vistony,Vistony,5,1200106,GL COOLANTT ICE FREEZE ORGANICO (OAT) 50/50 GREEN - 5 IDIOMAS DE 4L,4 L,Galon,1,6741,6741,8763,2022,0.2307692307692308,12000.0,16000.0,4000.0,-0.3693940431359124,-0.8258587241812165,Talleres,liviano
Construccion (agro),2,Refrigerante/Aditivo Diesel,Refrigerante verde convencional,Vistony,Vistony,5,1200106,GL COOLANTT ICE FREEZE ORGANICO (OAT) 50/50 GREEN - 5 IDIOMAS DE 4L,4 L,Galon,1,6741,6741,8763,2022,0.2307692307692308,12000.0,16000.0,4000.0,-0.3693940431359124,-0.8258587241812165,Agricola,liviano
Concesionarios,1,Refrigerante/Aditivo Diesel,Refrigerante rojo OAT,Vistony,Vistony,1,1200095,CIL COOLANT ICE HEAVY-DUTY HYBRID (NOAT) 50/50 EXTENDED LIFE RED DE 55 GL,55 GL,Tambor/Cilindro,1,315601,315601,410281,94680,0.2307692307692308,300000.0,450000.0,150000.0,0.26879382667001395,-0.09680925999497902,Concesionarios,liviano
Flotas,1,Refrigerante/Aditivo Diesel,Refrigerante rojo OAT,Vistony,Vistony,1,1200095,CIL COOLANT ICE HEAVY-DUTY HYBRID (NOAT) 50/50 EXTENDED LIFE RED DE 55 GL,55 GL,Tambor/Cilindro,1,315601,315601,410281,94680,0.2307692307692308,300000.0,450000.0,150000.0,0.26879382667001395,-0.09680925999497902,Flotas,liviano
Talleres,3,Refrigerante/Aditivo Diesel,Refrigerante rojo OAT,Vistony,Vistony,1,1200095,CIL COOLANT ICE HEAVY-DUTY HYBRID (NOAT) 50/50 EXTENDED LIFE RED DE 55 GL,55 GL,Tambor/Cilindro,1,315601,315601,410281,94680,0.2307692307692308,300000.0,450000.0,150000.0,0.26879382667001395,-0.09680925999497902,Talleres,liviano
Construccion (agro),1,Refrigerante/Aditivo Diesel,Refrigerante rojo OAT,Vistony,Vistony,1,1200095,CIL COOLANT ICE HEAVY-DUTY HYBRID (NOAT) 50/50 EXTENDED LIFE RED DE 55 GL,55 GL,Tambor/Cilindro,1,315601,315601,410281,94680,0.2307692307692308,300000.0,450000.0,150000.0,0.26879382667001395,-0.09680925999497902,Agricola,liviano
Venta Libre (No Especifico),1,Lubricante,Otros,Vistony,Vistony,1,1200142,GL AGUA P/ BATERIA DE 1 GAL,1 GAL,Galon,1,1532,1532,1992,460,0.2307692307692308,,,,1.0,1.0,"Talleres,Concesionarios",liviano
Venta Libre (No Especifico),3,Lubricante,Otros,Vistony,Vistony,1,1200196,CIL ICE FREEZE HEAVY DUTY SI-OAT DE 55 GAL,55 GAL,Tambor/Cilindro,1,265850,265850,345604,79755,0.2307692307692308,,,,1.0,1.0,"Talleres,Concesionarios",liviano
Venta Libre (No Especifico),1,Quimico/Cuidado vehicular,Otros,Vistony,Vistony,37,1200214,CAJ12 LAVADO ECOLOGICO LOTOX INFINITE DE 500 ML,500 ML,Frasco/Botella,12,23840,1986,2582,596,0.2307692307692308,,,,1.0,1.0,"Talleres,Concesionarios",liviano
Venta Libre (No Especifico),1,Quimico/Cuidado vehicular,Otros,Vistony,Vistony,60,1200215,CAJ12 PROTECTOR INTERIOR MULTIUSOS LOTOX INFINITE DE 500 ML,500 ML,Frasco/Botella,12,30970,2581,3355,774,0.2307692307692308,,,,1.0,1.0,"Talleres,Concesionarios",liviano
Venta Libre (No Especifico),1,Quimico/Cuidado vehicular,Otros,Vistony,Vistony,56,1200216,CAJ12 RENOVADOR DE PLASTICOS LOTOX INFINITE DE 500 ML,500 ML,Frasco/Botella,12,28554,2379,3093,714,0.2307692307692308,,,,1.0,1.0,"Talleres,Concesionarios",liviano
Venta Libre (No Especifico),1,Liquido de frenos,Otros,Vistony,Vistony,93,1300006,FRA LIQUIDO PARA FRENO DOT - 3 DE 1 LT,1 LT,Frasco/Botella,1,4338,4338,5639,1301,0.2307692307692308,,,,1.0,1.0,"Talleres,Concesionarios",liviano
Venta Libre (No Especifico),1,Quimico/Cuidado vehicular,Otros,Vistony,Vistony,84,1200217,CAJ12 LIMPIADOR DE CUEROS LOTOX INFINITE DE 500 ML,500 ML,Frasco/Botella,12,42589,3549,4613,1065,0.2307692307692308,,,,1.0,1.0,"Talleres,Concesionarios",liviano
Venta Libre (No Especifico),1,Liquido de frenos,Otros,Vistony,Vistony,92,1300003,CAJ10 LIQUIDO PARA FRENO DOT - 3 DE 1 LT,1 LT,Frasco/Botella,10,41754,4175,5428,1253,0.2307692307692308,,,,1.0,1.0,"Talleres,Concesionarios",liviano
Venta Libre (No Especifico),1,Liquido de frenos,Otros,Vistony,Vistony,34,1300009,FRA LIQUIDO PARA FRENO DOT - 3 DE 12 ONZ,12 ONZ,Frasco/Botella,1,1863,1863,2422,559,0.2307692307692308,,,,1.0,1.0,"Talleres,Concesionarios",liviano
Venta Libre (No Especifico),1,Liquido de frenos,Otros,Vistony,Vistony,20,1300013,FRA LIQUIDO PARA FRENO DOT - 3 DE 8 ONZ,8 ONZ,Frasco/Botella,1,1296,1296,1685,389,0.2307692307692308,,,,1.0,1.0,"Talleres,Concesionarios",liviano
Venta Libre (No Especifico),1,Liquido de frenos,Otros,Vistony,Vistony,34,1300019,GL LIQUIDO PARA FRENO DOT - 3 DE 1 GAL,1 GAL,Galon,1,12498,12498,16248,3750,0.2307692307692308,,,,1.0,1.0,"Talleres,Concesionarios",liviano
Venta Libre (No Especifico),1,Liquido de frenos,Otros,Vistony,Vistony,14,1300010,CAJ12 LIQUIDO PARA FRENO DOT - 3 DE 8 ONZ,8 ONZ,Sachet/Spray,12,15890,1324,1721,397,0.2307692307692308,,,,1.0,1.0,"Talleres,Concesionarios",liviano
Venta Libre (No Especifico),1,Liquido de frenos,Otros,Vistony,Vistony,17,1300025,FRA LIQUIDO PARA FRENO DOT- 4 DE 8 ONZ,8 ONZ,Frasco/Botella,1,1254,1254,1631,376,0.2307692307692308,,,,1.0,1.0,"Talleres,Concesionarios",liviano
Venta Libre (No Especifico),1,Liquido de frenos,Otros,Vistony,Vistony,37,1300018,CAJ06 LIQUIDO PARA FRENO DOT - 3 DE 1 GAL,1 GAL,Galon,6,76580,12763,16592,3829,0.2307692307692307,,,,1.0,1.0,"Talleres,Concesionarios",liviano
Venta Libre (No Especifico),1,Liquido de frenos,Otros,Vistony,Vistony,9,1300023,CAJ12 LIQUIDO PARA FRENO DOT- 4 DE 8 ONZ,8 ONZ,Sachet/Spray,12,14642,1220,1586,366,0.2307692307692308,,,,1.0,1.0,"Talleres,Concesionarios",liviano
Venta Libre (No Especifico),1,Liquido de frenos,Otros,Vistony,Vistony,26,1300028,FRA LIQUIDO PARA FRENO DOT- 4 DE 12 ONZ,12 ONZ,Frasco/Botella,1,1655,1655,2152,497,0.2307692307692308,,,,1.0,1.0,"Talleres,Concesionarios",liviano
Venta Libre (No Especifico),1,Lubricante,Otros,Vistony,Vistony,14,1300043,FRA LIQUIDO DE FRENOS DOT-4 PARA MOTO DE 8 OZ,8 OZ,Frasco/Botella,1,1229,1229,1597,369,0.2307692307692308,,,,1.0,1.0,"Talleres,Concesionarios",liviano
Venta Libre (No Especifico),1,Liquido de frenos,Otros,Vistony,Vistony,22,1300026,CAJ12 LIQUIDO PARA FRENO DOT- 4 DE 12 ONZ,12 ONZ,Frasco/Botella,12,19278,1606,2088,482,0.2307692307692308,,,,1.0,1.0,"Talleres,Concesionarios",liviano
Venta Libre (No Especifico),1,Lubricante,Otros,Vistony,Vistony,39,1400003,FRA MOTOR FLUSH DE 443 ML,443 ML,Frasco/Botella,1,2028,2028,2636,608,0.2307692307692308,,,,1.0,1.0,"Talleres,Concesionarios",liviano
Venta Libre (No Especifico),1,Quimico/Cuidado vehicular,Otros,Vistony,Vistony,10,1400013,GL BRILLANTA - PROTEGE Y BRILLA,1 GAL,Galon,1,7480,7480,9724,2244,0.2307692307692308,,,,1.0,1.0,"Talleres,Concesionarios",liviano
Venta Libre (No Especifico),1,Quimico/Cuidado vehicular,Otros,Vistony,Vistony,13,1400016,FRA SILICONA WHITE CON AROMA FRESA DE 300 ML,300 ML,Frasco/Botella,1,1206,1206,1567,362,0.2307692307692308,,,,1.0,1.0,"Talleres,Concesionarios",liviano
Venta Libre (No Especifico),1,Quimico/Cuidado vehicular,Otros,Vistony,Vistony,12,1400012,CAJ06 BRILLANTA - PROTEGE Y BRILLA,1 GAL,Galon,6,45833,7638,9930,2292,0.2307692307692309,,,,1.0,1.0,"Talleres,Concesionarios",liviano
Venta Libre (No Especifico),1,Quimico/Cuidado vehicular,Otros,Vistony,Vistony,8,1400019,FRA LIMPIA PARABRISAS DE 1 LT,1 LT,Frasco/Botella,1,1065,1065,1384,319,0.2307692307692308,,,,1.0,1.0,"Talleres,Concesionarios",liviano
Venta Libre (No Especifico),1,Quimico/Cuidado vehicular,Otros,Vistony,Vistony,10,1400014,CAJ12 SILICONA WHITE CON AROMA FRESA DE 300 ML,300 ML,Sachet/Spray,12,14778,1231,1601,369,0.2307692307692308,,,,1.0,1.0,"Talleres,Concesionarios",liviano
Venta Libre (No Especifico),1,Quimico/Cuidado vehicular,Otros,Vistony,Vistony,16,1400025,GL SILICONA WHITE CON AROMA FRESA DE 1GL,1 GL,Galon,1,8568,8568,11138,2570,0.2307692307692308,,,,1.0,1.0,"Talleres,Concesionarios",liviano
Venta Libre (No Especifico),1,Quimico/Cuidado vehicular,Otros,Vistony,Vistony,10,1400015,CAJ24 SILICONA WHITE CON AROMA FRESA DE 300 ML,300 ML,Sachet/Spray,24,29555,1231,1601,369,0.2307692307692308,,,,1.0,1.0,"Talleres,Concesionarios",liviano
Venta Libre (No Especifico),1,Quimico/Cuidado vehicular,Otros,Vistony,Vistony,18,1400028,FRA BRILLANTA - PROTEGE Y BRILLA DE 300 ML,300 ML,Frasco/Botella,1,1276,1276,1659,383,0.2307692307692308,,,,1.0,1.0,"Talleres,Concesionarios",liviano
Venta Libre (No Especifico),1,Quimico/Cuidado vehicular,Otros,Vistony,Vistony,9,1400017,CAJ12 LIMPIA PARABRISAS DE 1 LT,1 LT,Frasco/Botella,12,13054,1088,1414,326,0.2307692307692308,,,,1.0,1.0,"Talleres,Concesionarios",liviano
Venta Libre (No Especifico),1,Quimico/Cuidado vehicular,Otros,Vistony,Vistony,7,1400036,GL SHAMPOO SUPER CONCENTRADO DE GAL,1 GAL,Galon,1,5846,5846,7600,1754,0.2307692307692308,,,,1.0,1.0,"Talleres,Concesionarios",liviano
Venta Libre (No Especifico),1,Quimico/Cuidado vehicular,Otros,Vistony,Vistony,17,1400024,CAJ06 SILICONA WHITE CON AROMA FRESA DE 1GL,1 GL,Galon,6,52495,8749,11373,2625,0.2307692307692308,,,,1.0,1.0,"Talleres,Concesionarios",liviano
Venta Libre (No Especifico),1,Quimico/Cuidado vehicular,Otros,Vistony,Vistony,49,1400043,FRA PULVERIZADOR PARA MOTOR DE 650 ML,650 ML,Frasco/Botella,1,2197,2197,2856,659,0.2307692307692308,,,,1.0,1.0,"Talleres,Concesionarios",liviano
Venta Libre (No Especifico),1,Quimico/Cuidado vehicular,Otros,Vistony,Vistony,13,1400026,CAJ12 BRILLANTA - PROTEGE Y BRILLA DE 300 ML,300 ML,Sachet/Spray,12,15634,1303,1694,391,0.2307692307692308,,,,1.0,1.0,"Talleres,Concesionarios",liviano
Venta Libre (No Especifico),1,Quimico/Cuidado vehicular,Otros,Vistony,Vistony,11,1400045,FRA LIMPIA TAPIZ VISTONY DE 650 ML,650 ML,Frasco/Botella,1,1158,1158,1506,348,0.2307692307692308,,,,1.0,1.0,"Talleres,Concesionarios",liviano
Venta Libre (No Especifico),1,Quimico/Cuidado vehicular,Otros,Vistony,Vistony,8,1400035,CAJ06 SHAMPOO SUPER CONCENTRADO DE GAL,1 GAL,Galon,6,35821,5970,7762,1791,0.2307692307692308,,,,1.0,1.0,"Talleres,Concesionarios",liviano
Venta Libre (No Especifico),1,Quimico/Cuidado vehicular,Otros,Vistony,Vistony,14,1400049,GL PULVERIZADOR PARA MOTOR DE 1 GAL,1 GAL,Galon,1,8226,8226,10693,2468,0.2307692307692308,,,,1.0,1.0,"Talleres,Concesionarios",liviano
Venta Libre (No Especifico),1,Quimico/Cuidado vehicular,Otros,Vistony,Vistony,53,1400042,CAJ12 PULVERIZADOR PARA MOTOR DE 650 ML,650 ML,Frasco/Botella,12,26922,2243,2916,673,0.2307692307692308,,,,1.0,1.0,"Talleres,Concesionarios",liviano
Venta Libre (No Especifico),1,Quimico/Cuidado vehicular,Otros,Vistony,Vistony,3,1400054,GL LIMPIA PARABRISAS DE 1 GL,1 GL,Galon,1,2270,2270,2952,681,0.2307692307692309,,,,1.0,1.0,"Talleres,Concesionarios",liviano
Venta Libre (No Especifico),1,Quimico/Cuidado vehicular,Otros,Vistony,Vistony,12,1400044,CAJ12 LIMPIA TAPIZ VISTONY DE 650 ML,650 ML,Frasco/Botella,12,14193,1182,1537,355,0.2307692307692308,,,,1.0,1.0,"Talleres,Concesionarios",liviano
Venta Libre (No Especifico),1,Quimico/Cuidado vehicular,Otros,Vistony,Vistony,62,1400071,FRA SHAMPOO SUPER CONCENTRADO 3 EN 1 DE 1L,1 L,Frasco/Botella,1,2645,2645,3438,793,0.2307692307692308,,,,1.0,1.0,"Talleres,Concesionarios",liviano
Venta Libre (No Especifico),1,Quimico/Cuidado vehicular,Otros,Vistony,Vistony,15,1400048,CAJ06 PULVERIZADOR PARA MOTOR DE 1 GAL,1 GAL,Galon,6,50400,8400,10920,2520,0.2307692307692308,,,,1.0,1.0,"Talleres,Concesionarios",liviano
Construccion,3,Quimico/Cuidado vehicular,Concentrado 50/50 industrial,Vistony,Vistony,2,1400081,FRA LIMPIA RADIADOR DE LATA DE 300 ML,300 ML,Frasco/Botella,1,2010,2010,2612,603,0.2307692307692309,3500.0,5500.0,2000.0,-0.339969372128637,-1.105666156202144,Construccion,liviano
Industria,3,Quimico/Cuidado vehicular,Concentrado 50/50 industrial,Vistony,Vistony,2,1400081,FRA LIMPIA RADIADOR DE LATA DE 300 ML,300 ML,Frasco/Botella,1,2010,2010,2612,603,0.2307692307692309,3500.0,5500.0,2000.0,-0.339969372128637,-1.105666156202144,Industria,liviano
Venta Libre (No Especifico),3,Quimico/Cuidado vehicular,Otros,Vistony,Vistony,1,1400084,TAP CERA EN CREMA PARA AUTO DE 200 GR,200 GR,Tarro,1,2093,2093,2721,628,0.2307692307692308,,,,1.0,1.0,"Talleres,Concesionarios",liviano
Venta Libre (No Especifico),1,Quimico/Cuidado vehicular,Otros,Vistony,Vistony,4,1400053,CAJ06 LIMPIA PARABRISAS DE 1 GL,1 GL,Galon,6,13910,2318,3014,696,0.2307692307692308,,,,1.0,1.0,"Talleres,Concesionarios",liviano
Venta Libre (No Especifico),1,Quimico/Cuidado vehicular,Otros,Vistony,Vistony,64,1400070,CAJ12 SHAMPOO SUPER CONCENTRADO 3 EN 1 DE 1L,1 L,Frasco/Botella,12,32409,2701,3511,810,0.2307692307692308,,,,1.0,1.0,"Talleres,Concesionarios",liviano
Venta Libre (No Especifico),1,Quimico/Cuidado vehicular,Otros,Vistony,Vistony,45,1400088,FRA CERA VISTONY LIQUID WAX EXTREME DURABILLITY DE 250 ML,250 ML,Frasco/Botella,1,2130,2130,2768,639,0.2307692307692308,,,,1.0,1.0,"Talleres,Concesionarios",liviano
Venta Libre (No Especifico),1,Quimico/Cuidado vehicular,Otros,Vistony,Vistony,25,1400089,GL CERA LIQUIDA PARA AUTO DE 1 GAL,1 GAL,Galon,1,10848,10848,14102,3254,0.2307692307692308,,,,1.0,1.0,"Talleres,Concesionarios",liviano
Venta Libre (No Especifico),1,Quimico/Cuidado vehicular,Otros,Vistony,Vistony,58,1400091,FRA SILICONA RTV COLOR GREASE 85 GR,85 GR,Frasco/Botella,1,2468,2468,3208,740,0.2307692307692308,,,,1.0,1.0,"Talleres,Concesionarios",liviano
Venta Libre (No Especifico),3,Quimico/Cuidado vehicular,Otros,Vistony,Vistony,2,1400085,CAJ12 CERA EN CREMA PARA AUTO DE 200 GR,200 GR,Tarro,12,25647,2138,2779,641,0.2307692307692308,,,,1.0,1.0,"Talleres,Concesionarios",liviano
Venta Libre (No Especifico),1,Quimico/Cuidado vehicular,Otros,Vistony,Vistony,41,1400093,FRA SPRAY AUXILIAR DE ARRANQUE DE 10 OZ /296 ML,296 ML,Frasco/Botella,1,2076,2076,2699,623,0.2307692307692308,,,,1.0,1.0,"Talleres,Concesionarios",liviano
Venta Libre (No Especifico),1,Quimico/Cuidado vehicular,Otros,Vistony,Vistony,20,1400086,CAJ12 CERA VISTONY LIQUID WAX EXTREME DURABILLITY DE 250 ML,250 ML,Sachet/Spray,12,26096,2174,2827,652,0.2307692307692308,,,,1.0,1.0,"Talleres,Concesionarios",liviano
Venta Libre (No Especifico),1,Quimico/Cuidado vehicular,Otros,Vistony,Vistony,59,1400095,FRA LIMPIA INYECTORA DE 10 ONZ/296 ML,296 ML,Frasco/Botella,1,2570,2570,3342,771,0.2307692307692308,,,,1.0,1.0,"Talleres,Concesionarios",liviano
Venta Libre (No Especifico),1,Lubricante,Otros,Vistony,Vistony,54,1400097,FRA AFLOJATODO SUPER ZK-90 DE 10 ONZ.,10 ONZ,Frasco/Botella,1,2258,2258,2936,678,0.2307692307692308,,,,1.0,1.0,"Talleres,Concesionarios",liviano
Venta Libre (No Especifico),1,Quimico/Cuidado vehicular,Otros,Vistony,Vistony,46,1400101,FRA SPRAY LIMPIA CARBURADOR 10 ONZ / 296 ML,296 ML,Frasco/Botella,1,2145,2145,2788,643,0.2307692307692308,,,,1.0,1.0,"Talleres,Concesionarios",liviano
Venta Libre (No Especifico),1,Quimico/Cuidado vehicular,Otros,Vistony,Vistony,48,1400103,FRA SPRAY LIMPIA CONTACTO DE 10 ONZ / 296ML,296 ML,Frasco/Botella,1,2167,2167,2817,650,0.2307692307692308,,,,1.0,1.0,"Talleres,Concesionarios",liviano
Venta Libre (No Especifico),1,Quimico/Cuidado vehicular,Otros,Vistony,Vistony,42,1400104,CAJ12 SILICONA PROTECTORA TRANSPARENTE C/AROMA FRESA DE 356 ML - 12 OZ,12 OZ,Frasco/Botella,12,24967,2081,2705,624,0.2307692307692308,,,,1.0,1.0,"Talleres,Concesionarios",liviano
Venta Libre (No Especifico),1,Quimico/Cuidado vehicular,Otros,Vistony,Vistony,40,1400105,FRA SILICONA PROTECTORA TRANSPARENTE C/AROMA FRESA DE 356 ML - 12 OZ,12 OZ,Frasco/Botella,1,2038,2038,2649,611,0.2307692307692308,,,,1.0,1.0,"Talleres,Concesionarios",liviano
Venta Libre (No Especifico),1,Lubricante,Otros,Vistony,Vistony,21,1400110,CAJ12 LUBE MULTIUSOS DE 10 ONZ/296 ML,296 ML,Sachet/Spray,12,26483,2207,2869,662,0.2307692307692308,,,,1.0,1.0,"Talleres,Concesionarios",liviano
Venta Libre (No Especifico),1,Lubricante,Otros,Vistony,Vistony,47,1400111,FRA LUBE MULTIUSOS DE 10 ONZ/296 ML,296 ML,Frasco/Botella,1,2161,2161,2809,648,0.2307692307692308,,,,1.0,1.0,"Talleres,Concesionarios",liviano
Venta Libre (No Especifico),1,Quimico/Cuidado vehicular,Otros,Vistony,Vistony,27,1400127,CAJ06 CERA LIQUIDA PARA AUTO DE 1 GL,1 GL,Galon,6,66469,11078,14402,3324,0.2307692307692308,,,,1.0,1.0,"Talleres,Concesionarios",liviano
Venta Libre (No Especifico),1,Lubricante,Otros,Vistony,Vistony,35,1400145,FRA SPY BRAKE CLEANER DE 296 ML,296 ML,Frasco/Botella,1,1917,1917,2492,575,0.2307692307692308,,,,1.0,1.0,"Talleres,Concesionarios",liviano
Venta Libre (No Especifico),1,Quimico/Cuidado vehicular,Otros,Vistony,Vistony,18,1400164,GL SILICONA WHITE LOTOX AROMA FRESA DE 1 GAL,1 GAL,Galon,1,8858,8858,11516,2658,0.2307692307692308,,,,1.0,1.0,"Talleres,Concesionarios",liviano
Venta Libre (No Especifico),1,Quimico/Cuidado vehicular,Otros,Vistony,Vistony,16,1400176,FRA SILICONA WHITE LOTOX AROMA FRESA DE 300 ML,300 ML,Frasco/Botella,1,1242,1242,1614,372,0.2307692307692308,,,,1.0,1.0,"Talleres,Concesionarios",liviano
Venta Libre (No Especifico),1,Quimico/Cuidado vehicular,Otros,Vistony,Vistony,4,1500005,FRA AROMATIZADOR FLORAL 59ML,59 ML,Frasco/Botella,1,560,560,728,168,0.2307692307692308,,,,1.0,1.0,"Talleres,Concesionarios",liviano
Venta Libre (No Especifico),1,Quimico/Cuidado vehicular,Otros,Vistony,Vistony,1,1500007,FRA AROMATIZADOR TUTTI FRUTTI 59ML,59 ML,Frasco/Botella,1,527,527,685,158,0.2307692307692308,,,,1.0,1.0,"Talleres,Concesionarios",liviano
Venta Libre (No Especifico),1,Quimico/Cuidado vehicular,Otros,Vistony,Vistony,3,1500009,FRA AROMATIZADOR LIMON 59ML,59 ML,Frasco/Botella,1,545,545,708,163,0.2307692307692308,,,,1.0,1.0,"Talleres,Concesionarios",liviano
Venta Libre (No Especifico),1,Quimico/Cuidado vehicular,Otros,Vistony,Vistony,5,1500011,FRA AROMATIZADOR SILVESTRE 59ML,59 ML,Frasco/Botella,1,574,574,747,172,0.2307692307692308,,,,1.0,1.0,"Talleres,Concesionarios",liviano
Venta Libre (No Especifico),1,Quimico/Cuidado vehicular,Otros,Vistony,Vistony,6,1500013,FRA AROMATIZADOR MARINO 59ML,59 ML,Frasco/Botella,1,589,589,765,177,0.2307692307692308,,,,1.0,1.0,"Talleres,Concesionarios",liviano
Venta Libre (No Especifico),1,Quimico/Cuidado vehicular,Otros,Vistony,Vistony,2,1500015,FRA AROMATIZADOR FRESHCAR 59ML,59 ML,Frasco/Botella,1,536,536,697,161,0.2307692307692308,,,,1.0,1.0,"Talleres,Concesionarios",liviano
Concesionarios,1,Grasa,Grasa multiproposito EP2,Vistony,Vistony,1,1500016,CAJ24 LIQUIDO DESENGRASANTE - LIMPIA MANOS DE 59 ML,59 ML,Sachet/Spray,24,18938,789,1025,237,0.2307692307692308,4500.0,7000.0,2500.0,-3.3902439024390247,-5.829268292682927,Concesionarios,liviano
Talleres,1,Grasa,Grasa multiproposito EP2,Vistony,Vistony,1,1500016,CAJ24 LIQUIDO DESENGRASANTE - LIMPIA MANOS DE 59 ML,59 ML,Sachet/Spray,24,18938,789,1025,237,0.2307692307692308,4500.0,7000.0,2500.0,-3.3902439024390247,-5.829268292682927,Talleres,liviano
Construccion (agro),3,Grasa,Grasa multiproposito EP2,Vistony,Vistony,1,1500016,CAJ24 LIQUIDO DESENGRASANTE - LIMPIA MANOS DE 59 ML,59 ML,Sachet/Spray,24,18938,789,1025,237,0.2307692307692308,4500.0,7000.0,2500.0,-3.3902439024390247,-5.829268292682927,Agricola,liviano
Concesionarios,1,Grasa,Grasa multiproposito EP2,Vistony,Vistony,1,1500017,FRA LIQUIDO DESENGRASANTE - LIMPIA MANOS DE 59 ML,59 ML,Frasco/Botella,1,773,773,1005,232,0.2307692307692308,4500.0,7000.0,2500.0,-3.477611940298507,-5.965174129353234,Concesionarios,liviano
Talleres,1,Grasa,Grasa multiproposito EP2,Vistony,Vistony,1,1500017,FRA LIQUIDO DESENGRASANTE - LIMPIA MANOS DE 59 ML,59 ML,Frasco/Botella,1,773,773,1005,232,0.2307692307692308,4500.0,7000.0,2500.0,-3.477611940298507,-5.965174129353234,Talleres,liviano
Construccion (agro),3,Grasa,Grasa multiproposito EP2,Vistony,Vistony,1,1500017,FRA LIQUIDO DESENGRASANTE - LIMPIA MANOS DE 59 ML,59 ML,Frasco/Botella,1,773,773,1005,232,0.2307692307692308,4500.0,7000.0,2500.0,-3.477611940298507,-5.965174129353234,Agricola,liviano
Concesionarios,2,Grasa,Grasa multiproposito EP2,Vistony,Vistony,2,1500054,CAJ06 DESENGRASANTE PARA MANO 1 GAL,1 GAL,Galon,6,43800,7300,9490,2190,0.2307692307692308,60000.0,85000.0,25000.0,-5.322444678609062,-7.956796628029505,Concesionarios,liviano
Talleres,1,Grasa,Grasa multiproposito EP2,Vistony,Vistony,2,1500054,CAJ06 DESENGRASANTE PARA MANO 1 GAL,1 GAL,Galon,6,43800,7300,9490,2190,0.2307692307692308,60000.0,85000.0,25000.0,-5.322444678609062,-7.956796628029505,Talleres,liviano
Construccion (agro),2,Grasa,Grasa multiproposito EP2,Vistony,Vistony,2,1500054,CAJ06 DESENGRASANTE PARA MANO 1 GAL,1 GAL,Galon,6,43800,7300,9490,2190,0.2307692307692308,60000.0,85000.0,25000.0,-5.322444678609062,-7.956796628029505,Agricola,liviano
Concesionarios,2,Grasa,Grasa multiproposito EP2,Vistony,Vistony,1,1500055,GL DESENGRASANTE PARA MANO 1 GAL,1 GAL,Galon,1,7149,7149,9293,2145,0.2307692307692308,60000.0,85000.0,25000.0,-5.45647261379533,-8.14666953621005,Concesionarios,liviano
Talleres,1,Grasa,Grasa multiproposito EP2,Vistony,Vistony,1,1500055,GL DESENGRASANTE PARA MANO 1 GAL,1 GAL,Galon,1,7149,7149,9293,2145,0.2307692307692308,60000.0,85000.0,25000.0,-5.45647261379533,-8.14666953621005,Talleres,liviano
Construccion (agro),2,Grasa,Grasa multiproposito EP2,Vistony,Vistony,1,1500055,GL DESENGRASANTE PARA MANO 1 GAL,1 GAL,Galon,1,7149,7149,9293,2145,0.2307692307692308,60000.0,85000.0,25000.0,-5.45647261379533,-8.14666953621005,Agricola,liviano
Venta Libre (No Especifico),1,Quimico/Cuidado vehicular,Otros,Vistony,Vistony,5,1500327,GL LIMPIA PARABRISAS LOTOX DE 1 GL,1 GL,Galon,1,2471,2471,3213,741,0.2307692307692308,,,,1.0,1.0,"Talleres,Concesionarios",liviano
Venta Libre (No Especifico),1,Quimico/Cuidado vehicular,Otros,Vistony,Vistony,10,1500329,FRA LIMPIA PARABRISAS LOTOX DE 1 L,1 L,Frasco/Botella,1,1140,1140,1482,342,0.2307692307692308,,,,1.0,1.0,"Talleres,Concesionarios",liviano
Venta Libre (No Especifico),1,Aditivo,Otros,Vistony,Vistony,51,1600004,FRA ADITIVO ESPECIAL PARA DIESEL DE 443 ML,443 ML,Frasco/Botella,1,2226,2226,2893,668,0.2307692307692309,,,,1.0,1.0,"Talleres,Concesionarios",liviano
Venta Libre (No Especifico),1,Aditivo,Otros,Vistony,Vistony,63,1600007,FRA ADITIVO PARA MOTOR GASOLINERO DE 443 ML,443 ML,Frasco/Botella,1,2657,2657,3454,797,0.2307692307692308,,,,1.0,1.0,"Talleres,Concesionarios",liviano
Venta Libre (No Especifico),1,Aditivo,Otros,Vistony,Vistony,18,1600008,CAJ12 ADITIVO PARA MOTOR GASOLINERO 300 ML,300 ML,Sachet/Spray,12,20087,1674,2176,502,0.2307692307692308,,,,1.0,1.0,"Talleres,Concesionarios",liviano
Venta Libre (No Especifico),1,Aditivo,Otros,Vistony,Vistony,24,1600010,FRA ADITIVO PARA MOTOR GASOLINERO 300 ML,300 ML,Frasco/Botella,1,1639,1639,2131,492,0.2307692307692308,,,,1.0,1.0,"Talleres,Concesionarios",liviano
Venta Libre (No Especifico),1,Aditivo,Otros,Vistony,Vistony,31,1600013,FRA ADITIVO ESPECIAL PARA DIESEL DE 300 ML,300 ML,Frasco/Botella,1,1769,1769,2299,531,0.2307692307692309,,,,1.0,1.0,"Talleres,Concesionarios",liviano
Venta Libre (No Especifico),1,Aditivo,Otros,Vistony,Vistony,8,1600014,CAJ24 ADITIVO PARA TRANSMISION AUTOMATICA 207 ML,207 ML,Sachet/Spray,24,29096,1212,1576,364,0.2307692307692308,,,,1.0,1.0,"Talleres,Concesionarios",liviano
Venta Libre (No Especifico),1,Aditivo,Otros,Vistony,Vistony,1,1600015,CHI ADITIVO PARA TRANSMISION AUTOMATICA 207 ML,207 ML,Frasco chico,1,1187,1187,1543,356,0.2307692307692308,,,,1.0,1.0,"Talleres,Concesionarios",liviano
Venta Libre (No Especifico),1,Aditivo,Otros,Vistony,Vistony,44,1600024,FRA ADITIVO PARA COMBUSTIBLE DIESEL DE 300 ML,300 ML,Frasco/Botella,1,2110,2110,2744,633,0.2307692307692309,,,,1.0,1.0,"Talleres,Concesionarios",liviano
Venta Libre (No Especifico),1,Aditivo,Otros,Vistony,Vistony,43,1600026,FRA ADITIVO PARA COMBUSTIBLE GASOLINERO DE 300 ML,300 ML,Frasco/Botella,1,2086,2086,2711,626,0.2307692307692309,,,,1.0,1.0,"Talleres,Concesionarios",liviano
Venta Libre (No Especifico),1,Aditivo,Otros,Vistony,Vistony,32,1600031,FRA ADITIVO ANTIHUMO NO SMOKE DE 410 ML,410 ML,Frasco/Botella,1,1786,1786,2321,536,0.2307692307692308,,,,1.0,1.0,"Talleres,Concesionarios",liviano
Venta Libre (No Especifico),1,Aditivo,Otros,Vistony,Vistony,24,1600032,CAJ12 ADITIVO MEJORADOR DE OCTANAJE MX PREMIUM DE 300 ML,300 ML,Sachet/Spray,12,27330,2278,2961,683,0.2307692307692308,,,,1.0,1.0,"Talleres,Concesionarios",liviano
Venta Libre (No Especifico),1,Aditivo,Otros,Vistony,Vistony,52,1600033,FRA ADITIVO MEJORADOR DE OCTANAJE MX PREMIUM DE 300 ML,300 ML,Frasco/Botella,1,2230,2230,2900,669,0.2307692307692309,,,,1.0,1.0,"Talleres,Concesionarios",liviano
Venta Libre (No Especifico),1,Aditivo,Otros,Vistony,Vistony,17,1600046,CAJ24 ADITIVO DIRECCION HIDRAULICA 207 ML,207 ML,Sachet/Spray,24,38941,1622,2109,487,0.2307692307692309,,,,1.0,1.0,"Talleres,Concesionarios",liviano
Venta Libre (No Especifico),1,Aditivo,Otros,Vistony,Vistony,2,1600047,CHI ADITIVO DIRECCION HIDRAULICA 207 ML,207 ML,Frasco chico,1,1589,1589,2065,477,0.2307692307692309,,,,1.0,1.0,"Talleres,Concesionarios",liviano
Flotas,1,Lubricante,Aceite engranajes,Vistony,Vistony,5,1000299,BAL GEAR OIL GL-5 SAE 75W90 DE 5 GAL,5 GAL,Balde,1,75750,75750,98476,22725,0.2307692307692308,70000.0,90000.0,20000.0,0.28916690361103214,0.08607173321418415,Flotas,camion_flota
Industria,1,Lubricante,Aceite engranajes,Vistony,Vistony,5,1000299,BAL GEAR OIL GL-5 SAE 75W90 DE 5 GAL,5 GAL,Balde,1,75750,75750,98476,22725,0.2307692307692308,70000.0,90000.0,20000.0,0.28916690361103214,0.08607173321418415,Industria,camion_flota
Talleres,2,Lubricante,Aceite engranajes,Vistony,Vistony,5,1000299,BAL GEAR OIL GL-5 SAE 75W90 DE 5 GAL,5 GAL,Balde,1,75750,75750,98476,22725,0.2307692307692308,70000.0,90000.0,20000.0,0.28916690361103214,0.08607173321418415,Talleres,camion_flota
Construccion (agro),1,Lubricante,Aceite engranajes,Vistony,Vistony,5,1000299,BAL GEAR OIL GL-5 SAE 75W90 DE 5 GAL,5 GAL,Balde,1,75750,75750,98476,22725,0.2307692307692308,70000.0,90000.0,20000.0,0.28916690361103214,0.08607173321418415,Agricola,camion_flota
Venta Libre (No Especifico),1,Neumatico,Otros,SalfaSur,KUMHO,130,240272,31X10.5 R15 KL71 109Q K,Unidad,Unidad,1,115417,115417,150042,34625,0.2307692307692308,,,,1.0,1.0,"Talleres,Concesionarios",maquinaria_agricola
Venta Libre (No Especifico),1,Neumatico,Otros,SalfaSur,KUMHO,128,240276,215/75 R15 KL71 106Q 8PR K,Unidad,Unidad,1,114425,114425,148752,34328,0.2307692307692308,,,,1.0,1.0,"Talleres,Concesionarios",liviano
Venta Libre (No Especifico),1,Neumatico,Otros,SalfaSur,KUMHO,121,240079,30X9.5 R15 KL71 104Q 6PR K,Unidad,Unidad,1,96087,96087,124913,28826,0.2307692307692308,,,,1.0,1.0,"Talleres,Concesionarios",maquinaria_agricola
Venta Libre (No Especifico),1,Neumatico,Otros,SalfaSur,KUMHO,107,240331,27X8.5 R14 KL71 6PR K,Unidad,Unidad,1,80656,80656,104853,24197,0.2307692307692308,,,,1.0,1.0,"Talleres,Concesionarios",maquinaria_agricola
Venta Libre (No Especifico),1,Neumatico,Otros,SalfaSur,KUMHO,68,244243,225/60 R16 KR26 98H K,Unidad,Unidad,1,59516,59516,77371,17855,0.2307692307692308,,,,1.0,1.0,"Talleres,Concesionarios",liviano
Venta Libre (No Especifico),1,Neumatico,Otros,SalfaSur,KUMHO,112,244248,215/70 R16 KC53 108T 6PR K,Unidad,Unidad,1,83348,83348,108352,25004,0.2307692307692308,,,,1.0,1.0,"Talleres,Concesionarios",liviano
Venta Libre (No Especifico),1,Neumatico,Otros,SalfaSur,KUMHO,117,240497,235/60 R17 KL33 102V 4PR K,Unidad,Unidad,1,93905,93905,122076,28172,0.2307692307692308,,,,1.0,1.0,"Talleres,Concesionarios",liviano
Venta Libre (No Especifico),1,Neumatico,Otros,SalfaSur,KUMHO,16,240450,155/70 R13 KR26 75H 4PR K,Unidad,Unidad,1,30583,30583,39758,9175,0.2307692307692308,,,,1.0,1.0,"Talleres,Concesionarios",liviano
Venta Libre (No Especifico),1,Neumatico,Otros,SalfaSur,KUMHO,90,244256,235/60 R16 PA31 100V 4PR,Unidad,Unidad,1,70343,70343,91446,21103,0.2307692307692308,,,,1.0,1.0,"Talleres,Concesionarios",liviano
Venta Libre (No Especifico),1,Neumatico,Otros,SalfaSur,KUMHO,73,241237,195/60 R16 KC53 99H K,Unidad,Unidad,1,61415,61415,79840,18424,0.2307692307692308,,,,1.0,1.0,"Talleres,Concesionarios",liviano
Construccion (agro),1,Neumatico,Tractor/pulveriz. 245/75R16,SalfaSur,KUMHO,2,244306,245/75 R16 AT51 109T,Unidad,Unidad,1,86609,86609,112592,25983,0.2307692307692308,110000.0,140000.0,30000.0,0.023021173795651606,-0.2434275969873525,Agricola,liviano
Venta Libre (No Especifico),1,Neumatico,Otros,SalfaSur,KUMHO,69,244395,225/60 R16 KH27 98V VT,Unidad,Unidad,1,59581,59581,77455,17874,0.2307692307692308,,,,1.0,1.0,"Talleres,Concesionarios",liviano
Venta Libre (No Especifico),1,Neumatico,Otros,SalfaSur,KUMHO,136,244402,265/75 R16 AT51 123R TL VT,Unidad,Unidad,1,124050,124050,161265,37215,0.2307692307692308,,,,1.0,1.0,"Talleres,Concesionarios",liviano
Construccion (agro),1,Neumatico,Camion 295/80R22.5,SalfaSur,KUMHO,6,244411,295/80 R22.5 RS15 152M,Unidad,Unidad,1,319577,319577,415450,95873,0.2307692307692308,230000.0,280000.0,50000.0,0.4463834396437598,0.32603201347935973,Agricola,camion_flota
Venta Libre (No Especifico),1,Neumatico,Otros,SalfaSur,KUMHO,111,244412,195/75 R16 KC53 110R 10PR K,Unidad,Unidad,1,82903,82903,107774,24871,0.2307692307692308,,,,1.0,1.0,"Talleres,Concesionarios",liviano
Venta Libre (No Especifico),1,Neumatico,Otros,SalfaSur,KUMHO,55,244420,195/60 R16 PA31 89V 4PR,Unidad,Unidad,1,53126,53126,69064,15938,0.2307692307692308,,,,1.0,1.0,"Talleres,Concesionarios",liviano
Venta Libre (No Especifico),1,Neumatico,Otros,SalfaSur,KUMHO,101,244313,215/60 R16 KC53 103T 6PR VT,Unidad,Unidad,1,77035,77035,100146,23110,0.2307692307692308,,,,1.0,1.0,"Talleres,Concesionarios",liviano
Venta Libre (No Especifico),1,Neumatico,Otros,SalfaSur,KUMHO,116,244325,265/70 R18 KL21 114T KUMHO VT,Unidad,Unidad,1,87101,87101,113231,26130,0.2307692307692308,,,,1.0,1.0,"Talleres,Concesionarios",liviano
Venta Libre (No Especifico),1,Neumatico,Otros,SalfaSur,KUMHO,95,244340,205/65 R15 KC53 104S K,Unidad,Unidad,1,73246,73246,95220,21974,0.2307692307692308,,,,1.0,1.0,"Talleres,Concesionarios",liviano
Venta Libre (No Especifico),1,Neumatico,Otros,SalfaSur,KUMHO,135,244345,265/50 R20 KL21 107V VT,Unidad,Unidad,1,123199,123199,160159,36960,0.2307692307692308,,,,1.0,1.0,"Talleres,Concesionarios",liviano
Venta Libre (No Especifico),1,Neumatico,Otros,SalfaSur,KUMHO,82,244348,225/70 R16 KH27 103H CH,Unidad,Unidad,1,66669,66669,86670,20001,0.2307692307692308,,,,1.0,1.0,"Talleres,Concesionarios",liviano
Venta Libre (No Especifico),1,Neumatico,Otros,SalfaSur,KUMHO,8,244359,155/65 R14 ES31 75T 4PR TL,Unidad,Unidad,1,25091,25091,32618,7527,0.2307692307692308,,,,1.0,1.0,"Talleres,Concesionarios",liviano
Concesionarios,2,Neumatico,195/65R15,SalfaSur,KUMHO,1,244361,195/65 R15 ES31 4PR TL CH,Unidad,Unidad,1,48292,48292,62780,14488,0.2307692307692308,42990.0,55000.0,12010.0,0.3152277795476266,0.12392481682064349,Concesionarios,liviano
Talleres,1,Neumatico,195/65R15,SalfaSur,KUMHO,1,244361,195/65 R15 ES31 4PR TL CH,Unidad,Unidad,1,48292,48292,62780,14488,0.2307692307692308,42990.0,55000.0,12010.0,0.3152277795476266,0.12392481682064349,Talleres,liviano
Construccion (agro),1,Neumatico,Tractor/pulveriz. 245/75R16,SalfaSur,KUMHO,5,244363,245/75 R16 MT51 120/116Q 10PR VT TL,Unidad,Unidad,1,120884,120884,157149,36265,0.2307692307692308,110000.0,140000.0,30000.0,0.300027362566736,0.10912573417584581,Agricola,liviano
Construccion (agro),1,Neumatico,Tractor/pulveriz. 245/75R16,SalfaSur,KUMHO,4,244365,245/75 R16 AT52 111T,Unidad,Unidad,1,97312,97312,126506,29194,0.2307692307692308,110000.0,140000.0,30000.0,0.13047602485257614,-0.10666687746035763,Agricola,liviano
Venta Libre (No Especifico),1,Neumatico,Otros,SalfaSur,KUMHO,122,244370,215/55 R18 KL33 93V K,Unidad,Unidad,1,100116,100116,130151,30035,0.2307692307692308,,,,1.0,1.0,"Talleres,Concesionarios",liviano
Venta Libre (No Especifico),1,Neumatico,Otros,SalfaSur,KUMHO,146,244374,275/60 R20 AT51 102T VT,Unidad,Unidad,1,157951,157951,205336,47385,0.2307692307692308,,,,1.0,1.0,"Talleres,Concesionarios",liviano
Venta Libre (No Especifico),1,Neumatico,Otros,SalfaSur,KUMHO,27,244383,175/70 R14 ES31 84T,Unidad,Unidad,1,37818,37818,49163,11345,0.2307692307692308,,,,1.0,1.0,"Talleres,Concesionarios",liviano
Venta Libre (No Especifico),1,Neumatico,Otros,SalfaSur,KUMHO,23,244387,165/65 R14 ES31 79T,Unidad,Unidad,1,34937,34937,45418,10481,0.2307692307692308,,,,1.0,1.0,"Talleres,Concesionarios",liviano
Venta Libre (No Especifico),1,Neumatico,Otros,SalfaSur,KUMHO,52,244388,205/45 ZR17 HS51 88W,Unidad,Unidad,1,51467,51467,66907,15440,0.2307692307692308,,,,1.0,1.0,"Talleres,Concesionarios",liviano
Venta Libre (No Especifico),1,Neumatico,Otros,SalfaSur,KUMHO,21,244426,185/55 R14 KH27 80H K,Unidad,Unidad,1,33638,33638,43729,10091,0.2307692307692308,,,,1.0,1.0,"Talleres,Concesionarios",liviano
Venta Libre (No Especifico),1,Neumatico,Otros,SalfaSur,KUMHO,131,244380,265/65 R18 AT51 114T,Unidad,Unidad,1,115535,115535,150196,34660,0.2307692307692308,,,,1.0,1.0,"Talleres,Concesionarios",liviano
Venta Libre (No Especifico),1,Neumatico,Otros,SalfaSur,KUMHO,148,244009,285/50 R20 HP71 116V KR,Unidad,Unidad,1,159383,159383,207198,47815,0.2307692307692308,,,,1.0,1.0,"Talleres,Concesionarios",liviano
Venta Libre (No Especifico),1,Neumatico,Otros,SalfaSur,KUMHO,29,244503,195/50 R15 KH27,Unidad,Unidad,1,40888,40888,53154,12266,0.2307692307692308,,,,1.0,1.0,"Talleres,Concesionarios",liviano
Venta Libre (No Especifico),1,Neumatico,Otros,SalfaSur,KUMHO,126,244650,255/60 R18 AT52 112T,Unidad,Unidad,1,110104,110104,143135,33031,0.2307692307692308,,,,1.0,1.0,"Talleres,Concesionarios",liviano
Venta Libre (No Especifico),1,Neumatico,Otros,SalfaSur,KUMHO,100,244600,215/70 R16 HP71 104H 4PR,Unidad,Unidad,1,76683,76683,99688,23005,0.2307692307692308,,,,1.0,1.0,"Talleres,Concesionarios",liviano
Venta Libre (No Especifico),1,Neumatico,Otros,SalfaSur,KUMHO,140,244607,255/50 R20 HP71 105H,Unidad,Unidad,1,136961,136961,178049,41088,0.2307692307692308,,,,1.0,1.0,"Talleres,Concesionarios",liviano
Venta Libre (No Especifico),1,Neumatico,Otros,SalfaSur,KUMHO,94,244642,215/55 R18 PA31 95V,Unidad,Unidad,1,73175,73175,95128,21952,0.2307692307692308,,,,1.0,1.0,"Talleres,Concesionarios",liviano
Venta Libre (No Especifico),1,Neumatico,Otros,SalfaSur,KUMHO,97,244646,27X8.50 R14 AT51 101R 8PR,Unidad,Unidad,1,74560,74560,96928,22368,0.2307692307692308,,,,1.0,1.0,"Talleres,Concesionarios",maquinaria_agricola
Venta Libre (No Especifico),1,Neumatico,Otros,SalfaSur,KUMHO,132,244625,225/55 R17 PS71 97Y 4PR,Unidad,Unidad,1,117252,117252,152428,35176,0.2307692307692308,,,,1.0,1.0,"Talleres,Concesionarios",liviano
Construccion (agro),1,Neumatico,Camion 295/80R22.5,SalfaSur,KUMHO,7,244626,295/80 R22.5 MA03 152/148M 16PR,Unidad,Unidad,1,339384,339384,441199,101815,0.2307692307692308,230000.0,280000.0,50000.0,0.47869328806275624,0.3653657419894424,Agricola,camion_flota
Venta Libre (No Especifico),1,Neumatico,Otros,SalfaSur,KUMHO,77,244627,195/75 R14 KC53 106R 8PR,Unidad,Unidad,1,62559,62559,81327,18768,0.2307692307692308,,,,1.0,1.0,"Talleres,Concesionarios",liviano
Venta Libre (No Especifico),1,Neumatico,Otros,SalfaSur,KUMHO,60,244628,215/45 R16 HS51 90V 4PR,Unidad,Unidad,1,56028,56028,72836,16808,0.2307692307692309,,,,1.0,1.0,"Talleres,Concesionarios",liviano
Venta Libre (No Especifico),1,Neumatico,Otros,SalfaSur,KUMHO,45,244631,195/45 R16 PS31 84V,Unidad,Unidad,1,48521,48521,63077,14556,0.2307692307692308,,,,1.0,1.0,"Talleres,Concesionarios",liviano
Construccion (agro),1,Neumatico,Camion 295/80R22.5,SalfaSur,KUMHO,5,244610,295/80 R22.5 MD41 16PR 152/148K,Unidad,Unidad,1,306045,306045,397858,91814,0.2307692307692308,230000.0,280000.0,50000.0,0.42190429751318315,0.29623131871170116,Agricola,camion_flota
Venta Libre (No Especifico),1,Neumatico,Otros,SalfaSur,KUMHO,87,244614,225/55 R16 PA31 99V,Unidad,Unidad,1,68821,68821,89467,20646,0.2307692307692308,,,,1.0,1.0,"Talleres,Concesionarios",liviano
Venta Libre (No Especifico),1,Neumatico,Otros,SalfaSur,KUMHO,127,242056X,205/65 R16 KH17 95H 4PR K,Unidad,Unidad,1,111537,111537,144998,33461,0.2307692307692308,,,,1.0,1.0,"Talleres,Concesionarios",liviano
Venta Libre (No Especifico),1,Neumatico,Otros,SalfaSur,KUMHO,142,244679,285/45 R22 HP71,Unidad,Unidad,1,141769,141769,184300,42531,0.2307692307692308,,,,1.0,1.0,"Talleres,Concesionarios",liviano
Construccion (agro),1,Neumatico,Tractor/pulveriz. 245/75R16,SalfaSur,KUMHO,6,244635,245/75 R16 AT52 111S 10PR,Unidad,Unidad,1,124949,124949,162434,37485,0.2307692307692308,110000.0,140000.0,30000.0,0.3228018764544369,0.1381114791238287,Agricola,liviano
Venta Libre (No Especifico),1,Neumatico,Otros,SalfaSur,KUMHO,141,244726,275/65 R18 HT51 123/120R 10PR,Unidad,Unidad,1,139611,139611,181494,41883,0.2307692307692308,,,,1.0,1.0,"Talleres,Concesionarios",liviano
Venta Libre (No Especifico),1,Neumatico,Otros,SalfaSur,KUMHO,11,244736,155/55 R14 HS51 69V 4PR,Unidad,Unidad,1,28068,28068,36488,8420,0.2307692307692308,,,,1.0,1.0,"Talleres,Concesionarios",liviano
Venta Libre (No Especifico),1,Neumatico,Otros,SalfaSur,KUMHO,119,244738,255/55 R18 PS71 100Y,Unidad,Unidad,1,95629,95629,124318,28689,0.2307692307692308,,,,1.0,1.0,"Talleres,Concesionarios",liviano
Venta Libre (No Especifico),1,Neumatico,Otros,SalfaSur,KUMHO,43,244664,195/55 R16 KH27 87H,Unidad,Unidad,1,47891,47891,62258,14367,0.2307692307692308,,,,1.0,1.0,"Talleres,Concesionarios",liviano
Venta Libre (No Especifico),1,Neumatico,Otros,SalfaSur,KUMHO,65,244743,225/60 R16 HS52 98W,Unidad,Unidad,1,58704,58704,76315,17611,0.2307692307692307,,,,1.0,1.0,"Talleres,Concesionarios",liviano
Venta Libre (No Especifico),1,Neumatico,Otros,SalfaSur,KUMHO,20,244761,185/60 R14 KH27 82H,Unidad,Unidad,1,33176,33176,43129,9953,0.2307692307692308,,,,1.0,1.0,"Talleres,Concesionarios",liviano
Venta Libre (No Especifico),1,Neumatico,Otros,SalfaSur,KUMHO,143,244762,275/60 R20 AT52 115T,Unidad,Unidad,1,144180,144180,187434,43254,0.2307692307692308,,,,1.0,1.0,"Talleres,Concesionarios",liviano
Venta Libre (No Especifico),1,Neumatico,Otros,SalfaSur,KUMHO,76,244775,225/50 R17 TA21 94V,Unidad,Unidad,1,62342,62342,81045,18703,0.2307692307692308,,,,1.0,1.0,"Talleres,Concesionarios",liviano
Venta Libre (No Especifico),1,Neumatico,Otros,SalfaSur,KUMHO,144,244779,285/60 R20 AT52 125S,Unidad,Unidad,1,146031,146031,189840,43809,0.2307692307692308,,,,1.0,1.0,"Talleres,Concesionarios",liviano
Venta Libre (No Especifico),1,Neumatico,Otros,SalfaSur,KUMHO,133,244781,265/75 R16 HT51 114T,Unidad,Unidad,1,119471,119471,155312,35841,0.2307692307692309,,,,1.0,1.0,"Talleres,Concesionarios",liviano
Venta Libre (No Especifico),1,Neumatico,Otros,SalfaSur,KUMHO,149,244783,275/70 R18 AT52,Unidad,Unidad,1,164468,164468,213808,49340,0.2307692307692308,,,,1.0,1.0,"Talleres,Concesionarios",liviano
Venta Libre (No Especifico),1,Neumatico,Otros,SalfaSur,KUMHO,115,244448,225/40 R18 PS71 92Y,Unidad,Unidad,1,85925,85925,111702,25778,0.2307692307692308,,,,1.0,1.0,"Talleres,Concesionarios",liviano
Venta Libre (No Especifico),1,Neumatico,Otros,SalfaSur,KUMHO,49,244784,165/70 R14 KC53 89/87R,Unidad,Unidad,1,50872,50872,66134,15262,0.2307692307692308,,,,1.0,1.0,"Talleres,Concesionarios",liviano
Venta Libre (No Especifico),1,Neumatico,Otros,SalfaSur,KUMHO,137,244451,235/55 R20 HP71 102H,Unidad,Unidad,1,125572,125572,163244,37672,0.2307692307692308,,,,1.0,1.0,"Talleres,Concesionarios",liviano
Concesionarios,2,Neumatico,265/60R18,SalfaSur,KUMHO,2,244788,265/60 R18 HP71 110V,Unidad,Unidad,1,140363,140363,182472,42109,0.2307692307692308,115000.0,145000.0,30000.0,0.3697663203121575,0.2053575343066334,Concesionarios,liviano
Flotas,1,Neumatico,265/60R18,SalfaSur,KUMHO,2,244788,265/60 R18 HP71 110V,Unidad,Unidad,1,140363,140363,182472,42109,0.2307692307692308,115000.0,145000.0,30000.0,0.3697663203121575,0.2053575343066334,Flotas,liviano
Venta Libre (No Especifico),1,Neumatico,Otros,SalfaSur,KENDA SD,64,270016,195/75 R14 KR06 106/104R 6PR CH,Unidad,Unidad,1,57983,57983,75378,17395,0.2307692307692309,,,,1.0,1.0,"Talleres,Concesionarios",liviano
Venta Libre (No Especifico),1,Neumatico,Otros,SalfaSur,KENDA SD,46,270005,265/65 R18 KR15 114T TL CH,Unidad,Unidad,1,48724,48724,63341,14617,0.2307692307692308,,,,1.0,1.0,"Talleres,Concesionarios",liviano
Venta Libre (No Especifico),1,Neumatico,Otros,SalfaSur,KENDA SD,134,270048,265/70 R17 KR28 115S TL TW,Unidad,Unidad,1,120082,120082,156107,36025,0.2307692307692308,,,,1.0,1.0,"Talleres,Concesionarios",liviano
Venta Libre (No Especifico),1,Neumatico,Otros,SalfaSur,KENDA SD,125,270069,30X9.5 R15 KR28 104Q TW,Unidad,Unidad,1,109170,109170,141921,32751,0.2307692307692308,,,,1.0,1.0,"Talleres,Concesionarios",maquinaria_agricola
Venta Libre (No Especifico),1,Neumatico,Otros,SalfaSur,KENDA SD,129,270078,31X10.5 R15 KR29 109Q 6PR CH,Unidad,Unidad,1,115116,115116,149651,34535,0.2307692307692309,,,,1.0,1.0,"Talleres,Concesionarios",maquinaria_agricola
Venta Libre (No Especifico),1,Neumatico,Otros,SalfaSur,KENDA SD,59,270221,205/45 R17 KR32 88V TL,Unidad,Unidad,1,55810,55810,72553,16743,0.2307692307692308,,,,1.0,1.0,"Talleres,Concesionarios",liviano
Venta Libre (No Especifico),1,Neumatico,Otros,SalfaSur,KENDA SD,72,270823,225/55 R16 KR10 95V TL,Unidad,Unidad,1,60909,60909,79182,18273,0.2307692307692308,,,,1.0,1.0,"Talleres,Concesionarios",liviano
Venta Libre (No Especifico),1,Neumatico,Otros,SalfaSur,KENDA SD,75,270221X,205/45 R17 KR32 88V TL,Unidad,Unidad,1,62011,62011,80614,18603,0.2307692307692308,,,,1.0,1.0,"Talleres,Concesionarios",liviano
Venta Libre (No Especifico),1,Neumatico,Otros,SalfaSur,DOUBLE STAR,61,210101,225/60 R17 W01 99T,Unidad,Unidad,1,56238,56238,73109,16871,0.2307692307692309,,,,1.0,1.0,"Talleres,Concesionarios",liviano
Venta Libre (No Especifico),1,Neumatico,Otros,SalfaSur,DOUBLE STAR,53,210114,215/75 R15 W01 100/97R,Unidad,Unidad,1,51735,51735,67256,15520,0.2307692307692308,,,,1.0,1.0,"Talleres,Concesionarios",liviano
Venta Libre (No Especifico),1,Neumatico,Otros,SalfaSur,DOUBLE STAR,106,210115,255/70 R16 W01 108/104R,Unidad,Unidad,1,80560,80560,104728,24168,0.2307692307692308,,,,1.0,1.0,"Talleres,Concesionarios",liviano
Venta Libre (No Especifico),1,Neumatico,Otros,SalfaSur,DOUBLE STAR,108,210119,215/75 R17.5 DSRS01 126/124L 16PR,Unidad,Unidad,1,81233,81233,105603,24370,0.2307692307692308,,,,1.0,1.0,"Talleres,Concesionarios",liviano
Concesionarios,2,Neumatico,245/70R16,SalfaSur,DOUBLE STAR,1,210103,245/70 R16 W01 113/110Q,Unidad,Unidad,1,65589,65589,85266,19677,0.2307692307692308,95000.0,125000.0,30000.0,-0.11416039218445806,-0.4660005160321816,Concesionarios,liviano
Flotas,1,Neumatico,245/70R16,SalfaSur,DOUBLE STAR,1,210103,245/70 R16 W01 113/110Q,Unidad,Unidad,1,65589,65589,85266,19677,0.2307692307692308,95000.0,125000.0,30000.0,-0.11416039218445806,-0.4660005160321816,Flotas,liviano
Venta Libre (No Especifico),1,Neumatico,Otros,SalfaSur,DOUBLE STAR,102,210111,265/70 R17 DS01 115H,Unidad,Unidad,1,77268,77268,100448,23180,0.2307692307692308,,,,1.0,1.0,"Talleres,Concesionarios",liviano
Venta Libre (No Especifico),1,Neumatico,Otros,SalfaSur,DOUBLE STAR,2,210105,175/70 R13 DH05 82T,Unidad,Unidad,1,22139,22139,28781,6642,0.2307692307692308,,,,1.0,1.0,"Talleres,Concesionarios",liviano
Concesionarios,2,Neumatico,265/70R16,SalfaSur,DOUBLE STAR,1,210104,265/70 R16 DS01 112H,Unidad,Unidad,1,66053,66053,85869,19816,0.2307692307692308,105000.0,135000.0,30000.0,-0.22279285888970413,-0.5721622471439052,Concesionarios,liviano
Flotas,1,Neumatico,265/70R16,SalfaSur,DOUBLE STAR,1,210104,265/70 R16 DS01 112H,Unidad,Unidad,1,66053,66053,85869,19816,0.2307692307692308,105000.0,135000.0,30000.0,-0.22279285888970413,-0.5721622471439052,Flotas,liviano
Construccion (agro),1,Neumatico,Tractor 1200 R24,SalfaSur,DOUBLE STAR,1,210118,1200 R24 DSR168 160/157L 20PR,Unidad,Unidad,1,271616,271616,353101,81485,0.2307692307692308,350000.0,450000.0,100000.0,0.008782189798386297,-0.2744228988306461,Agricola,camion_flota
Venta Libre (No Especifico),1,Neumatico,Otros,SalfaSur,DOUBLE STAR,13,210108,185/60 R15 DH05 84H,Unidad,Unidad,1,29387,29387,38203,8816,0.2307692307692307,,,,1.0,1.0,"Talleres,Concesionarios",liviano
Concesionarios,2,Neumatico,185/65R15,SalfaSur,DOUBLE STAR,1,210016,185/65 R15 DH05 88H,Unidad,Unidad,1,26089,26089,33916,7827,0.2307692307692309,39990.0,52000.0,12010.0,-0.1790895152730274,-0.5331996697723789,Concesionarios,liviano
Talleres,1,Neumatico,185/65R15,SalfaSur,DOUBLE STAR,1,210016,185/65 R15 DH05 88H,Unidad,Unidad,1,26089,26089,33916,7827,0.2307692307692309,39990.0,52000.0,12010.0,-0.1790895152730274,-0.5331996697723789,Talleres,liviano
Venta Libre (No Especifico),1,Neumatico,Otros,SalfaSur,DOUBLE STAR,10,210017,155 R12 DS805 88N,Unidad,Unidad,1,27190,27190,35347,8157,0.2307692307692308,,,,1.0,1.0,"Talleres,Concesionarios",liviano
Venta Libre (No Especifico),1,Neumatico,Otros,SalfaSur,DOUBLE STAR,9,210018,185/65 R14 DH05 86H,Unidad,Unidad,1,25586,25586,33262,7676,0.2307692307692308,,,,1.0,1.0,"Talleres,Concesionarios",liviano
Venta Libre (No Especifico),1,Neumatico,Otros,SalfaSur,DOUBLE STAR,6,210019,175/70 R14 DH05 84T,Unidad,Unidad,1,23644,23644,30737,7093,0.2307692307692308,,,,1.0,1.0,"Talleres,Concesionarios",liviano
Venta Libre (No Especifico),1,Neumatico,Otros,SalfaSur,DOUBLE STAR,4,210020,175/65 R14 DH05 82H,Unidad,Unidad,1,23060,23060,29978,6918,0.2307692307692308,,,,1.0,1.0,"Talleres,Concesionarios",liviano
Venta Libre (No Especifico),1,Neumatico,Otros,SalfaSur,DOUBLE STAR,67,210021,235/65 R16 DLA02 115/113R,Unidad,Unidad,1,59507,59507,77359,17852,0.2307692307692308,,,,1.0,1.0,"Talleres,Concesionarios",liviano
Venta Libre (No Especifico),1,Neumatico,Otros,SalfaSur,DOUBLE STAR,120,210022,235/75 R15 T01 110N,Unidad,Unidad,1,95752,95752,124478,28726,0.2307692307692308,,,,1.0,1.0,"Talleres,Concesionarios",liviano
Venta Libre (No Especifico),1,Neumatico,Otros,SalfaSur,DOUBLE STAR,48,210023,195 R15 DL01 106/104Q,Unidad,Unidad,1,49950,49950,64935,14985,0.2307692307692308,,,,1.0,1.0,"Talleres,Concesionarios",liviano
Venta Libre (No Especifico),1,Neumatico,Otros,SalfaSur,DOUBLE STAR,92,210025,265/65 R18 DSS02 114T,Unidad,Unidad,1,71004,71004,92305,21301,0.2307692307692308,,,,1.0,1.0,"Talleres,Concesionarios",liviano
Construccion (agro),1,Neumatico,Tractor/pulveriz. 245/75R16,SalfaSur,DOUBLE STAR,1,210026,245/75 R16 W01 114/111R 8PR,Unidad,Unidad,1,69607,69607,90489,20882,0.2307692307692308,110000.0,140000.0,30000.0,-0.21561736785686647,-0.5471493772723757,Agricola,liviano
Venta Libre (No Especifico),1,Neumatico,Otros,SalfaSur,DOUBLE STAR,157,210126,315/80 R22.5 DSR668 156/150L 20PR,Unidad,Unidad,1,217717,217717,283032,65315,0.2307692307692309,,,,1.0,1.0,"Talleres,Concesionarios",camion_flota
Venta Libre (No Especifico),1,Neumatico,Otros,SalfaSur,DOUBLE STAR,96,210024,265/70 R17 DS01 115H,Unidad,Unidad,1,74194,74194,96452,22258,0.2307692307692308,,,,1.0,1.0,"Talleres,Concesionarios",liviano
Venta Libre (No Especifico),1,Neumatico,Otros,SalfaSur,DOUBLE STAR,70,210027,225/75 R16 W01 103/100Q 6PR,Unidad,Unidad,1,59732,59732,77652,17920,0.2307692307692308,,,,1.0,1.0,"Talleres,Concesionarios",liviano
Venta Libre (No Especifico),1,Neumatico,Otros,SalfaSur,DOUBLE STAR,54,210028,235/60 R17 DS01 102H,Unidad,Unidad,1,52483,52483,68228,15745,0.2307692307692309,,,,1.0,1.0,"Talleres,Concesionarios",liviano
Venta Libre (No Especifico),1,Neumatico,Otros,SalfaSur,DOUBLE STAR,33,210029,235/60 R16 DS01 100H,Unidad,Unidad,1,42826,42826,55674,12848,0.2307692307692308,,,,1.0,1.0,"Talleres,Concesionarios",liviano
Venta Libre (No Especifico),1,Neumatico,Otros,SalfaSur,DOUBLE STAR,109,210031,215/75 R17.5 DSR116 126/124L 16PR,Unidad,Unidad,1,82453,82453,107189,24736,0.2307692307692308,,,,1.0,1.0,"Talleres,Concesionarios",liviano
Venta Libre (No Especifico),1,Neumatico,Otros,SalfaSur,DOUBLE STAR,145,210032,12 R22.5 DSR168 152/149L 18PR,Unidad,Unidad,1,148075,148075,192498,44422,0.2307692307692308,,,,1.0,1.0,"Talleres,Concesionarios",camion_flota
Venta Libre (No Especifico),1,Neumatico,Otros,SalfaSur,DOUBLE STAR,152,210033,11 R22.5 DSR168 148/145L 16PR,Unidad,Unidad,1,172646,172646,224440,51794,0.2307692307692308,,,,1.0,1.0,"Talleres,Concesionarios",camion_flota
Construccion (agro),1,Neumatico,Camion 295/80R22.5,SalfaSur,DOUBLE STAR,4,210034,295/80 R22.5 DSR668 152/149J 18PR,Unidad,Unidad,1,183597,183597,238676,55079,0.2307692307692308,230000.0,280000.0,50000.0,0.036350533778008676,-0.17313848061807646,Agricola,camion_flota
Construccion (agro),1,Neumatico,Camion 295/80R22.5,SalfaSur,DOUBLE STAR,2,210035,295/80 R22.5 DSR328 154/152M 18PR,Unidad,Unidad,1,160739,160739,208961,48222,0.2307692307692308,230000.0,280000.0,50000.0,-0.10068385966759341,-0.3399629595953313,Agricola,camion_flota
Venta Libre (No Especifico),1,Neumatico,Otros,SalfaSur,DOUBLE STAR,57,210037,215/70 R15C DL01 109/107R,Unidad,Unidad,1,54279,54279,70563,16284,0.2307692307692307,,,,1.0,1.0,"Talleres,Concesionarios",liviano
Venta Libre (No Especifico),1,Neumatico,Otros,SalfaSur,DOUBLE STAR,113,210039,275/65 R18 DSS02 116T,Unidad,Unidad,1,83357,83357,108364,25007,0.2307692307692308,,,,1.0,1.0,"Talleres,Concesionarios",liviano
Venta Libre (No Especifico),1,Neumatico,Otros,SalfaSur,DOUBLE STAR,12,210042,195/60 R15 DH05 88V,Unidad,Unidad,1,29125,29125,37862,8738,0.2307692307692308,,,,1.0,1.0,"Talleres,Concesionarios",liviano
Concesionarios,2,Neumatico,265/65R17,SalfaSur,DOUBLE STAR,1,210044,265/65 R17 W01 120/117R 10PR,Unidad,Unidad,1,76269,76269,99150,22881,0.2307692307692308,99900.0,129000.0,29100.0,-0.0075642965204236745,-0.30105900151285936,Concesionarios,liviano
Flotas,1,Neumatico,265/65R17,SalfaSur,DOUBLE STAR,1,210044,265/65 R17 W01 120/117R 10PR,Unidad,Unidad,1,76269,76269,99150,22881,0.2307692307692308,99900.0,129000.0,29100.0,-0.0075642965204236745,-0.30105900151285936,Flotas,liviano
Venta Libre (No Especifico),1,Neumatico,Otros,SalfaSur,DOUBLE STAR,88,210045,235/75 R15 W01 110/107R 8PR,Unidad,Unidad,1,69700,69700,90610,20910,0.2307692307692308,,,,1.0,1.0,"Talleres,Concesionarios",liviano
Concesionarios,2,Neumatico,265/70R16,SalfaSur,DOUBLE STAR,2,210046,265/70 R16 W01 110/107R 6PR,Unidad,Unidad,1,83091,83091,108018,24927,0.2307692307692308,105000.0,135000.0,30000.0,0.027939787813142214,-0.2497917013831028,Concesionarios,liviano
Flotas,1,Neumatico,265/70R16,SalfaSur,DOUBLE STAR,2,210046,265/70 R16 W01 110/107R 6PR,Unidad,Unidad,1,83091,83091,108018,24927,0.2307692307692308,105000.0,135000.0,30000.0,0.027939787813142214,-0.2497917013831028,Flotas,liviano
Venta Libre (No Especifico),1,Neumatico,Otros,SalfaSur,DOUBLE STAR,62,210050,235/60 R18 W01 103Q,Unidad,Unidad,1,57004,57004,74105,17101,0.2307692307692307,,,,1.0,1.0,"Talleres,Concesionarios",liviano
Venta Libre (No Especifico),1,Neumatico,Otros,SalfaSur,DOUBLE STAR,19,210051,205/60 R16 DH05 92H,Unidad,Unidad,1,32553,32553,42319,9766,0.2307692307692308,,,,1.0,1.0,"Talleres,Concesionarios",liviano
Venta Libre (No Especifico),1,Neumatico,Otros,SalfaSur,DOUBLE STAR,156,210052,12 R22.5 DSR668 152/149K 18PR,Unidad,Unidad,1,209994,209994,272992,62998,0.2307692307692308,,,,1.0,1.0,"Talleres,Concesionarios",camion_flota
Venta Libre (No Especifico),1,Neumatico,Otros,SalfaSur,DOUBLE STAR,147,210054,11 R22.5 DSR116 146/143L 16PR,Unidad,Unidad,1,159203,159203,206964,47761,0.2307692307692308,,,,1.0,1.0,"Talleres,Concesionarios",camion_flota
Venta Libre (No Especifico),1,Neumatico,Otros,SalfaSur,DOUBLE STAR,124,210059,31/10.5 R15 T01 109N,Unidad,Unidad,1,101071,101071,131392,30321,0.2307692307692309,,,,1.0,1.0,"Talleres,Concesionarios",liviano
Venta Libre (No Especifico),1,Neumatico,Otros,SalfaSur,DOUBLE STAR,14,210061,195/55 R16 DH05 87V,Unidad,Unidad,1,29682,29682,38587,8905,0.2307692307692307,,,,1.0,1.0,"Talleres,Concesionarios",liviano
Venta Libre (No Especifico),1,Neumatico,Otros,SalfaSur,DOUBLE STAR,85,210062,275/65 R18 DLA01 116T,Unidad,Unidad,1,67740,67740,88062,20322,0.2307692307692308,,,,1.0,1.0,"Talleres,Concesionarios",liviano
Concesionarios,2,Neumatico,265/60R18,SalfaSur,DOUBLE STAR,1,210063,265/60 R18 W01 110T,Unidad,Unidad,1,71129,71129,92468,21339,0.2307692307692308,115000.0,145000.0,30000.0,-0.24367348704416658,-0.5681100488817754,Concesionarios,liviano
Flotas,1,Neumatico,265/60R18,SalfaSur,DOUBLE STAR,1,210063,265/60 R18 W01 110T,Unidad,Unidad,1,71129,71129,92468,21339,0.2307692307692308,115000.0,145000.0,30000.0,-0.24367348704416658,-0.5681100488817754,Flotas,liviano
Venta Libre (No Especifico),1,Neumatico,Otros,SalfaSur,DOUBLE STAR,22,210064,205/65 R16 DH09 95H,Unidad,Unidad,1,34900,34900,45370,10470,0.2307692307692308,,,,1.0,1.0,"Talleres,Concesionarios",liviano
Venta Libre (No Especifico),1,Neumatico,Otros,SalfaSur,DOUBLE STAR,63,210065,265/50 R20 DSU02 111W,Unidad,Unidad,1,57610,57610,74893,17283,0.2307692307692308,,,,1.0,1.0,"Talleres,Concesionarios",liviano
Construccion (agro),1,Neumatico,Camion 295/80R22.5,SalfaSur,DOUBLE STAR,1,210067,295/80 R22.5 DSR266 154/152M 18PR,Unidad,Unidad,1,147103,147103,191234,44131,0.2307692307692308,230000.0,280000.0,50000.0,-0.20271499837894935,-0.46417478063524276,Agricola,camion_flota
Venta Libre (No Especifico),1,Neumatico,Otros,SalfaSur,DOUBLE STAR,28,210068,215/65 R16 DH08 98H,Unidad,Unidad,1,40538,40538,52699,12161,0.2307692307692308,,,,1.0,1.0,"Talleres,Concesionarios",liviano
Concesionarios,2,Neumatico,205/55R16,SalfaSur,DOUBLE STAR,1,210069,205/55 R16 DH05 91V,Unidad,Unidad,1,29248,29248,38022,8774,0.2307692307692308,45990.0,59900.0,13910.0,-0.20956288464573136,-0.5754037136394718,Concesionarios,liviano
Talleres,1,Neumatico,205/55R16,SalfaSur,DOUBLE STAR,1,210069,205/55 R16 DH05 91V,Unidad,Unidad,1,29248,29248,38022,8774,0.2307692307692308,45990.0,59900.0,13910.0,-0.20956288464573136,-0.5754037136394718,Talleres,liviano
Venta Libre (No Especifico),1,Neumatico,Otros,SalfaSur,DOUBLE STAR,39,210072,215/55 R18 DS01 98H,Unidad,Unidad,1,45413,45413,59037,13624,0.2307692307692308,,,,1.0,1.0,"Talleres,Concesionarios",liviano
Venta Libre (No Especifico),1,Neumatico,Otros,SalfaSur,DOUBLE STAR,36,210074,255/55 R18 DSU02 105V,Unidad,Unidad,1,44286,44286,57572,13286,0.2307692307692308,,,,1.0,1.0,"Talleres,Concesionarios",liviano
Venta Libre (No Especifico),1,Neumatico,Otros,SalfaSur,DOUBLE STAR,7,210076,165/65 R14 DH05 79T,Unidad,Unidad,1,24410,24410,31733,7323,0.2307692307692308,,,,1.0,1.0,"Talleres,Concesionarios",liviano
Venta Libre (No Especifico),1,Neumatico,Otros,SalfaSur,DOUBLE STAR,47,210078,235/55 R19 DSU02 105V,Unidad,Unidad,1,49643,49643,64536,14893,0.2307692307692308,,,,1.0,1.0,"Talleres,Concesionarios",liviano
Venta Libre (No Especifico),1,Neumatico,Otros,SalfaSur,DOUBLE STAR,84,210079,285/50 R20 DS01 112H,Unidad,Unidad,1,67433,67433,87663,20230,0.2307692307692308,,,,1.0,1.0,"Talleres,Concesionarios",liviano
Venta Libre (No Especifico),1,Neumatico,Otros,SalfaSur,DOUBLE STAR,154,210082,13 R22.5 DSR168 154/150K 18PR,Unidad,Unidad,1,194456,194456,252793,58337,0.2307692307692308,,,,1.0,1.0,"Talleres,Concesionarios",camion_flota
Venta Libre (No Especifico),1,Neumatico,Otros,SalfaSur,DOUBLE STAR,50,210084,215/70 R16 DS01 108/106R,Unidad,Unidad,1,51450,51450,66885,15435,0.2307692307692308,,,,1.0,1.0,"Talleres,Concesionarios",liviano
Venta Libre (No Especifico),1,Neumatico,Otros,SalfaSur,DOUBLE STAR,42,210085,235/55 R18 DS01 100V,Unidad,Unidad,1,47387,47387,61603,14216,0.2307692307692308,,,,1.0,1.0,"Talleres,Concesionarios",liviano
Construccion (agro),1,Neumatico,Camion 295/80R22.5,SalfaSur,DOUBLE STAR,3,210088,295/80 R22.5 DSRT26 154/152M 18PR,Unidad,Unidad,1,170185,170185,221240,51056,0.2307692307692308,230000.0,280000.0,50000.0,-0.039595009943952375,-0.26559392514915925,Agricola,camion_flota
Venta Libre (No Especifico),1,Neumatico,Otros,SalfaSur,DOUBLE STAR,153,210097,11 R22.5 DSR668 148/145J 16PR,Unidad,Unidad,1,191440,191440,248872,57432,0.2307692307692308,,,,1.0,1.0,"Talleres,Concesionarios",camion_flota
Venta Libre (No Especifico),1,Neumatico,Otros,SalfaSur,DOUBLE STAR,110,210098,215/75 R17.5 DSRD01 126/124L 16PR,Unidad,Unidad,1,82739,82739,107561,24822,0.2307692307692308,,,,1.0,1.0,"Talleres,Concesionarios",liviano
Venta Libre (No Especifico),1,Neumatico,Otros,SalfaSur,DOUBLE STAR,155,210113,12 R22.5 HD636Z 152/149L 18PR,Unidad,Unidad,1,201376,201376,261789,60413,0.2307692307692308,,,,1.0,1.0,"Talleres,Concesionarios",camion_flota
Venta Libre (No Especifico),1,Neumatico,Otros,SalfaSur,DOUBLE STAR,1,210122,155/65 R13 DH05,Unidad,Unidad,1,16999,16999,22099,5100,0.2307692307692308,,,,1.0,1.0,"Talleres,Concesionarios",liviano
Construccion (agro),1,Neumatico,Tractor/pulveriz. 245/75R16,SalfaSur,DOUBLE STAR,3,210123,245/75 R16 T01 114/111N 8PR,Unidad,Unidad,1,92228,92228,119896,27668,0.2307692307692308,110000.0,140000.0,30000.0,0.0825381997731367,-0.16767865483418953,Agricola,liviano
Venta Libre (No Especifico),1,Neumatico,Otros,SalfaSur,DOUBLE STAR,5,210124,165/65 R13 DH05 77T,Unidad,Unidad,1,23133,23133,30073,6940,0.2307692307692308,,,,1.0,1.0,"Talleres,Concesionarios",liviano
Venta Libre (No Especifico),1,Neumatico,Otros,SalfaSur,DOUBLE STAR,3,210125,155/65 R14 DH08 75T,Unidad,Unidad,1,22377,22377,29090,6713,0.2307692307692308,,,,1.0,1.0,"Talleres,Concesionarios",liviano
Venta Libre (No Especifico),1,Neumatico,Otros,SalfaSur,DOUBLE STAR,24,210127,215/65 R16 DH03 98H,Unidad,Unidad,1,35352,35352,45958,10606,0.2307692307692308,,,,1.0,1.0,"Talleres,Concesionarios",liviano
Venta Libre (No Especifico),1,Bateria,Otros,SalfaSur,YOKO G&B,25,351416,BATERIA YOKO KR 40AMP N40L,Unidad,Unidad,1,35579,35579,46253,10674,0.2307692307692308,,,,1.0,1.0,"Talleres,Concesionarios",liviano
Venta Libre (No Especifico),1,Bateria,Otros,SalfaSur,YOKO G&B,98,351442,BATERIA YOKO KR 90AMP 30H730 (30-H90),Unidad,Unidad,1,74583,74583,96958,22375,0.2307692307692308,,,,1.0,1.0,"Talleres,Concesionarios",camion_flota
Venta Libre (No Especifico),1,Bateria,Otros,SalfaSur,YOKO G&B,83,351435,N70Z MF,Unidad,Unidad,1,66957,66957,87044,20087,0.2307692307692308,,,,1.0,1.0,"Talleres,Concesionarios",liviano
Venta Libre (No Especifico),1,Bateria,Otros,SalfaSur,YOKO G&B,78,351433,BATERIA YOKO KR 75AMP 75DT660,Unidad,Unidad,1,62899,62899,81769,18870,0.2307692307692308,,,,1.0,1.0,"Talleres,Concesionarios",camion_flota
Venta Libre (No Especifico),1,Bateria,Otros,SalfaSur,YOKO G&B,15,351404,BATERIA YOKO KR 12N24-4 26AMP,Unidad,Unidad,1,30216,30216,39281,9065,0.2307692307692308,,,,1.0,1.0,"Talleres,Concesionarios",liviano
Venta Libre (No Especifico),1,Bateria,Otros,SalfaSur,YOKO G&B,51,352425,BATERIA YOKO KR 60AMP N50Z,Unidad,Unidad,1,51459,51459,66897,15438,0.2307692307692307,,,,1.0,1.0,"Talleres,Concesionarios",liviano
Venta Libre (No Especifico),1,Bateria,Otros,SalfaSur,YOKO G&B,74,352430,BATERIA YOKO KR 70AMP N70,Unidad,Unidad,1,61769,61769,80300,18531,0.2307692307692308,,,,1.0,1.0,"Talleres,Concesionarios",camion_flota
Venta Libre (No Especifico),1,Bateria,Otros,SalfaSur,YOKO G&B,86,352432,BATERIA YOKO KR 75AMP N70Z,Unidad,Unidad,1,67808,67808,88150,20342,0.2307692307692308,,,,1.0,1.0,"Talleres,Concesionarios",camion_flota
Venta Libre (No Especifico),1,Bateria,Otros,SalfaSur,YOKO G&B,105,352440,BATERIA YOKO KR 100AMP N100L,Unidad,Unidad,1,79501,79501,103351,23850,0.2307692307692308,,,,1.0,1.0,"Talleres,Concesionarios",camion_flota
Venta Libre (No Especifico),1,Bateria,Otros,SalfaSur,YOKO G&B,123,352445,BATERIA YOKO KR 120AMP N120,Unidad,Unidad,1,100573,100573,130745,30172,0.2307692307692308,,,,1.0,1.0,"Talleres,Concesionarios",camion_flota
Venta Libre (No Especifico),1,Bateria,Otros,SalfaSur,YOKO G&B,138,352450,BATERIA YOKO KR 150AMP N150,Unidad,Unidad,1,129164,129164,167913,38749,0.2307692307692308,,,,1.0,1.0,"Talleres,Concesionarios",camion_flota
Venta Libre (No Especifico),1,Bateria,Otros,SalfaSur,YOKO G&B,26,352414,BATERIA KOREA KR 40AMP N40,Unidad,Unidad,1,37314,37314,48508,11194,0.2307692307692308,,,,1.0,1.0,"Talleres,Concesionarios",liviano
Venta Libre (No Especifico),1,Bateria,Otros,SalfaSur,YOKO G&B,17,352410,BATERIA YOKO KR 35AMP NS40ZL,Unidad,Unidad,1,31311,31311,40704,9393,0.2307692307692308,,,,1.0,1.0,"Talleres,Concesionarios",liviano
Venta Libre (No Especifico),1,Bateria,Otros,SalfaSur,YOKO G&B,34,352417,BATERIA YOKO KR 45AMP NS60L,Unidad,Unidad,1,43907,43907,57079,13172,0.2307692307692308,,,,1.0,1.0,"Talleres,Concesionarios",liviano
Venta Libre (No Especifico),1,Bateria,Otros,SalfaSur,YOKO G&B,151,352465,BATERIA YOKO KR 200AMP N200,Unidad,Unidad,1,170704,170704,221915,51211,0.2307692307692308,,,,1.0,1.0,"Talleres,Concesionarios",camion_flota
Venta Libre (No Especifico),1,Bateria,Otros,SalfaSur,YOKO G&B,44,352420,BATERIA YOKO KR 55AMP 55559,Unidad,Unidad,1,48450,48450,62985,14535,0.2307692307692308,,,,1.0,1.0,"Talleres,Concesionarios",liviano
Venta Libre (No Especifico),1,Bateria,Otros,SalfaSur,YOKO G&B,37,352421,BATERIA YOKO KR 44AMP 54459,Unidad,Unidad,1,44989,44989,58486,13497,0.2307692307692308,,,,1.0,1.0,"Talleres,Concesionarios",liviano
Venta Libre (No Especifico),1,Bateria,Otros,SalfaSur,YOKO G&B,35,352466,BATERIA YOKO KR 55AMP 55565,Unidad,Unidad,1,44272,44272,57554,13282,0.2307692307692308,,,,1.0,1.0,"Talleres,Concesionarios",liviano
Venta Libre (No Especifico),1,Bateria,Otros,SalfaSur,YOKO G&B,103,352437,BATERIA YOKO KR 88AMP 58827,Unidad,Unidad,1,77449,77449,100684,23235,0.2307692307692308,,,,1.0,1.0,"Talleres,Concesionarios",camion_flota
Venta Libre (No Especifico),1,Bateria,Otros,SalfaSur,YOKO G&B,71,352435,BATERIA YOKO KR 70AMP NX110-5,Unidad,Unidad,1,60856,60856,79113,18257,0.2307692307692308,,,,1.0,1.0,"Talleres,Concesionarios",camion_flota
Venta Libre (No Especifico),1,Bateria,Otros,SalfaSur,YOKO G&B,89,352438,BATERIA YOKO KR 90AMP NX120-7,Unidad,Unidad,1,69715,69715,90630,20914,0.2307692307692308,,,,1.0,1.0,"Talleres,Concesionarios",camion_flota
Venta Libre (No Especifico),1,Bateria,Otros,SalfaSur,YOKO G&B,104,352443,BATERIA YOKO KR 100AMP 30H102,Unidad,Unidad,1,77672,77672,100974,23302,0.2307692307692308,,,,1.0,1.0,"Talleres,Concesionarios",camion_flota
Venta Libre (No Especifico),1,Bateria,Otros,SalfaSur,YOKO G&B,40,352422,BATERIA YOKO KR 54AMP 55457A,Unidad,Unidad,1,45561,45561,59229,13668,0.2307692307692308,,,,1.0,1.0,"Talleres,Concesionarios",liviano
Venta Libre (No Especifico),1,Bateria,Otros,SalfaSur,YOKO G&B,30,352416,BATERIA YOKO KR 43AMP 54316,Unidad,Unidad,1,40975,40975,53268,12292,0.2307692307692308,,,,1.0,1.0,"Talleres,Concesionarios",liviano
Venta Libre (No Especifico),1,Bateria,Otros,SalfaSur,YOKO G&B,81,352434,BATERIA YOKO KR 71AMP 57113,Unidad,Unidad,1,66666,66666,86666,20000,0.2307692307692308,,,,1.0,1.0,"Talleres,Concesionarios",camion_flota
Venta Libre (No Especifico),1,Bateria,Otros,SalfaSur,YOKO G&B,91,352439,BATERIA YOKO KR 90AMP NX120-7L,Unidad,Unidad,1,70842,70842,92095,21253,0.2307692307692308,,,,1.0,1.0,"Talleres,Concesionarios",camion_flota
Venta Libre (No Especifico),1,Bateria,Otros,SalfaSur,YOKO G&B,66,352436,BATERIA YOKO KR 70AMP NX110-5L,Unidad,Unidad,1,59235,59235,77006,17770,0.2307692307692308,,,,1.0,1.0,"Talleres,Concesionarios",camion_flota
Venta Libre (No Especifico),1,Bateria,Otros,SalfaSur,YOKO G&B,80,352449,BATERIA YOKO KR 75AMP N70ZL,Unidad,Unidad,1,66358,66358,86265,19907,0.2307692307692308,,,,1.0,1.0,"Talleres,Concesionarios",camion_flota
Venta Libre (No Especifico),1,Bateria,Otros,SalfaSur,YOKO G&B,93,352433,BATERIA YOKO KR 78DT-760 760CCA 12V,Unidad,Unidad,1,73109,73109,95042,21933,0.2307692307692308,,,,1.0,1.0,"Talleres,Concesionarios",liviano
Venta Libre (No Especifico),1,Bateria,Otros,SalfaSur,YOKO G&B,139,352444,BATERIA YOKO KR 150AMP N150LSMF,Unidad,Unidad,1,131282,131282,170667,39385,0.2307692307692308,,,,1.0,1.0,"Talleres,Concesionarios",camion_flota
Venta Libre (No Especifico),1,Bateria,Otros,SalfaSur,YOKO G&B,79,352446,BATERIA YOKO KR 75DT-710 710CCA 12V,Unidad,Unidad,1,64534,64534,83894,19360,0.2307692307692308,,,,1.0,1.0,"Talleres,Concesionarios",liviano
Venta Libre (No Especifico),1,Bateria,Otros,SalfaSur,YOKO G&B,58,352424,BATERIA YOKO KR 60AMP 55D23R,Unidad,Unidad,1,55034,55034,71544,16510,0.2307692307692307,,,,1.0,1.0,"Talleres,Concesionarios",liviano
Venta Libre (No Especifico),1,Bateria,Otros,SalfaSur,YOKO G&B,56,352426,BATERIA YOKO KR 55D23L 60AMP/H 12V,Unidad,Unidad,1,53440,53440,69472,16032,0.2307692307692308,,,,1.0,1.0,"Talleres,Concesionarios",liviano
Venta Libre (No Especifico),1,Bateria,Otros,SalfaSur,YOKO G&B,32,352447,BATERIA YOKO KR 45AMP NX100-S6LS,Unidad,Unidad,1,41703,41703,54214,12511,0.2307692307692308,,,,1.0,1.0,"Talleres,Concesionarios",liviano
Venta Libre (No Especifico),1,Bateria,Otros,SalfaSur,YOKO G&B,99,352455,BATERIA YOKO KR 80 AMP 58014,Unidad,Unidad,1,76600,76600,99580,22980,0.2307692307692308,,,,1.0,1.0,"Talleres,Concesionarios",camion_flota
Venta Libre (No Especifico),1,Bateria,Otros,SalfaSur,YOKO G&B,114,352451,N100 100AMP 12VOLT,Unidad,Unidad,1,84460,84460,109798,25338,0.2307692307692308,,,,1.0,1.0,"Talleres,Concesionarios",camion_flota
Construccion (agro),1,Bateria,100 Ah,SalfaSur,YOKO G&B,3,352452,BATERÍA YOKO KR SMF 60044 100AH 12V,Unidad,Unidad,1,93677,93677,121780,28103,0.2307692307692308,104958.0,121765.0,16807.0,0.13813434061422236,0.00012317293480046398,Agricola,liviano
Venta Libre (No Especifico),1,Bateria,Otros,SalfaSur,YOKO G&B,158,352453,73011SHD SMF 230AMP,Unidad,Unidad,1,226551,226551,294516,67965,0.2307692307692307,,,,1.0,1.0,"Talleres,Concesionarios",camion_flota
Venta Libre (No Especifico),1,Bateria,Otros,SalfaSur,YOKO G&B,150,352454,68032 SMF 12V 180 A/H,Unidad,Unidad,1,165757,165757,215484,49727,0.2307692307692308,,,,1.0,1.0,"Talleres,Concesionarios",camion_flota
Venta Libre (No Especifico),1,Bateria,Otros,SalfaSur,YOKO G&B,118,352456,BATERIA YOKO KR 100AMP 31-930S,Unidad,Unidad,1,94609,94609,122992,28383,0.2307692307692308,,,,1.0,1.0,"Talleres,Concesionarios",camion_flota
Venta Libre (No Especifico),1,Bateria,Otros,SalfaSur,YOKO G&B,38,352467,BATERIA YOKO KR 55AMP 55559 SMF,Unidad,Unidad,1,45310,45310,58903,13593,0.2307692307692308,,,,1.0,1.0,"Talleres,Concesionarios",liviano
Venta Libre (No Especifico),1,Bateria,Otros,SalfaSur,YOKO G&B,31,352469,BATERIA YOKO SMF 53529,Unidad,Unidad,1,41553,41553,54019,12466,0.2307692307692308,,,,1.0,1.0,"Talleres,Concesionarios",liviano
Venta Libre (No Especifico),1,Bateria,Otros,SalfaSur,YOKO G&B,41,352460,SMF 56219 62AMP CCA510,Unidad,Unidad,1,47168,47168,61318,14150,0.2307692307692308,,,,1.0,1.0,"Talleres,Concesionarios",liviano
Concesionarios,1,Lubricante,5W30 sintetico,SalfaSur,AUSTER,2,7000001,AUSTER MAXTECH PRO RX 5W30 SP/CJ 1 LT,1 LT,Frasco/Botella,1,3116,3116,4051,935,0.2307692307692308,8500.0,13000.0,4500.0,-1.0982473463342384,-2.209084176746482,Concesionarios,liviano
Talleres,1,Lubricante,5W30 sintetico,SalfaSur,AUSTER,2,7000001,AUSTER MAXTECH PRO RX 5W30 SP/CJ 1 LT,1 LT,Frasco/Botella,1,3116,3116,4051,935,0.2307692307692308,8500.0,13000.0,4500.0,-1.0982473463342384,-2.209084176746482,Talleres,liviano
Concesionarios,1,Lubricante,5W30 sintetico,SalfaSur,AUSTER,1,7000002,AUSTER MAXTECH PRO FE 5W30 SP/CF C3 DPF 1L,1 L,Frasco/Botella,1,2994,2994,3892,898,0.2307692307692308,8500.0,13000.0,4500.0,-1.183967112024666,-2.3401849948612536,Concesionarios,liviano
Talleres,1,Lubricante,5W30 sintetico,SalfaSur,AUSTER,1,7000002,AUSTER MAXTECH PRO FE 5W30 SP/CF C3 DPF 1L,1 L,Frasco/Botella,1,2994,2994,3892,898,0.2307692307692308,8500.0,13000.0,4500.0,-1.183967112024666,-2.3401849948612536,Talleres,liviano
Concesionarios,1,Lubricante,5W40 sintetico,SalfaSur,AUSTER,1,7000006,AUSTER MAXFORCE 15W40 CK-4 1L,1 L,Frasco/Botella,1,3385,3385,4400,1016,0.2307692307692308,8500.0,13000.0,4500.0,-0.9318181818181819,-1.9545454545454546,Concesionarios,camion_flota
Talleres,1,Lubricante,5W40 sintetico,SalfaSur,AUSTER,1,7000006,AUSTER MAXFORCE 15W40 CK-4 1L,1 L,Frasco/Botella,1,3385,3385,4400,1016,0.2307692307692308,8500.0,13000.0,4500.0,-0.9318181818181819,-1.9545454545454546,Talleres,camion_flota
Concesionarios,2,Lubricante,5W40 sintetico,SalfaSur,AUSTER,1,7000007,AUSTER MAXFORCE 15W40 CK-4 3L,3 L,Galon,1,3576,10728,13946,3218,0.2307692307692308,28000.0,42000.0,14000.0,-1.007744156030403,-2.0116162340456043,Concesionarios,camion_flota
Talleres,1,Lubricante,5W40 sintetico,SalfaSur,AUSTER,1,7000007,AUSTER MAXFORCE 15W40 CK-4 3L,3 L,Galon,1,3576,10728,13946,3218,0.2307692307692308,28000.0,42000.0,14000.0,-1.007744156030403,-2.0116162340456043,Talleres,camion_flota
Construccion,2,Lubricante,10W30/10W40 CK-4,SalfaSur,AUSTER,1,7000011,AUSTER MAXFORCE 10W40 CK-4 3L,3 L,Galon,1,4085,12255,15932,3676,0.2307692307692308,18000.0,26000.0,8000.0,-0.1298016570424303,-0.631935726839066,Construccion,camion_flota
Flotas,2,Lubricante,10W30/10W40 CK-4,SalfaSur,AUSTER,1,7000011,AUSTER MAXFORCE 10W40 CK-4 3L,3 L,Galon,1,4085,12255,15932,3676,0.2307692307692308,18000.0,26000.0,8000.0,-0.1298016570424303,-0.631935726839066,Flotas,camion_flota
Construccion (agro),2,Lubricante,10W30/10W40 CK-4,SalfaSur,AUSTER,1,7000011,AUSTER MAXFORCE 10W40 CK-4 3L,3 L,Galon,1,4085,12255,15932,3676,0.2307692307692308,18000.0,26000.0,8000.0,-0.1298016570424303,-0.631935726839066,Agricola,camion_flota
Construccion,1,Lubricante,10W30/10W40 CK-4,SalfaSur,AUSTER,1,7000012,AUSTER MAXFORCE 10W40 CK-4 20L,20 L,Balde,1,3655,73100,95030,21930,0.2307692307692308,75000.0,95000.0,20000.0,0.21077554456487424,0.0003156897821740001,Construccion,camion_flota
Flotas,1,Lubricante,10W30/10W40 CK-4,SalfaSur,AUSTER,1,7000012,AUSTER MAXFORCE 10W40 CK-4 20L,20 L,Balde,1,3655,73100,95030,21930,0.2307692307692308,75000.0,95000.0,20000.0,0.21077554456487424,0.0003156897821740001,Flotas,camion_flota
Construccion (agro),1,Lubricante,10W30/10W40 CK-4,SalfaSur,AUSTER,1,7000012,AUSTER MAXFORCE 10W40 CK-4 20L,20 L,Balde,1,3655,73100,95030,21930,0.2307692307692308,75000.0,95000.0,20000.0,0.21077554456487424,0.0003156897821740001,Agricola,camion_flota
Concesionarios,1,Lubricante,5W30 sintetico,SalfaSur,AUSTER,3,7000003,AUSTER MAXTECH PRO FE 5W30 ACEA C3 DPF 1L,1 L,Frasco/Botella,1,3143,3143,4086,943,0.2307692307692308,8500.0,13000.0,4500.0,-1.0802741067058248,-2.1815956926089086,Concesionarios,liviano
Talleres,1,Lubricante,5W30 sintetico,SalfaSur,AUSTER,3,7000003,AUSTER MAXTECH PRO FE 5W30 ACEA C3 DPF 1L,1 L,Frasco/Botella,1,3143,3143,4086,943,0.2307692307692308,8500.0,13000.0,4500.0,-1.0802741067058248,-2.1815956926089086,Talleres,liviano
Construccion,3,Lubricante,10W30/10W40 CK-4,SalfaSur,AUSTER,1,7000010,AUSTER MAXFORCE 10W40 CK-4 1L,1 L,Frasco/Botella,1,3746,3746,4870,1124,0.2307692307692308,4500.0,6500.0,2000.0,0.07597535934291577,-0.3347022587268993,Construccion,camion_flota
Flotas,3,Lubricante,10W30/10W40 CK-4,SalfaSur,AUSTER,1,7000010,AUSTER MAXFORCE 10W40 CK-4 1L,1 L,Frasco/Botella,1,3746,3746,4870,1124,0.2307692307692308,4500.0,6500.0,2000.0,0.07597535934291577,-0.3347022587268993,Flotas,camion_flota
Construccion (agro),3,Lubricante,10W30/10W40 CK-4,SalfaSur,AUSTER,1,7000010,AUSTER MAXFORCE 10W40 CK-4 1L,1 L,Frasco/Botella,1,3746,3746,4870,1124,0.2307692307692308,4500.0,6500.0,2000.0,0.07597535934291577,-0.3347022587268993,Agricola,camion_flota
Flotas,3,Lubricante,Aceite engranajes,SalfaSur,AUSTER,3,7000019,AUSTER 75W90 GL-4 1L,1 L,Frasco/Botella,1,2878,2878,3741,863,0.2307692307692308,5000.0,8000.0,3000.0,-0.33654103180967665,-1.1384656508954825,Flotas,camion_flota
Industria,3,Lubricante,Aceite engranajes,SalfaSur,AUSTER,3,7000019,AUSTER 75W90 GL-4 1L,1 L,Frasco/Botella,1,2878,2878,3741,863,0.2307692307692308,5000.0,8000.0,3000.0,-0.33654103180967665,-1.1384656508954825,Industria,camion_flota
Talleres,1,Lubricante,Aceite engranajes,SalfaSur,AUSTER,3,7000019,AUSTER 75W90 GL-4 1L,1 L,Frasco/Botella,1,2878,2878,3741,863,0.2307692307692308,5000.0,8000.0,3000.0,-0.33654103180967665,-1.1384656508954825,Talleres,camion_flota
Construccion (agro),3,Lubricante,Aceite engranajes,SalfaSur,AUSTER,3,7000019,AUSTER 75W90 GL-4 1L,1 L,Frasco/Botella,1,2878,2878,3741,863,0.2307692307692308,5000.0,8000.0,3000.0,-0.33654103180967665,-1.1384656508954825,Agricola,camion_flota
Flotas,3,Lubricante,Aceite engranajes,SalfaSur,AUSTER,5,7000022,AUSTER 75W90 GL-5 1L,1 L,Frasco/Botella,1,3108,3108,4040,932,0.2307692307692308,5000.0,8000.0,3000.0,-0.2376237623762376,-0.9801980198019802,Flotas,camion_flota
Industria,3,Lubricante,Aceite engranajes,SalfaSur,AUSTER,5,7000022,AUSTER 75W90 GL-5 1L,1 L,Frasco/Botella,1,3108,3108,4040,932,0.2307692307692308,5000.0,8000.0,3000.0,-0.2376237623762376,-0.9801980198019802,Industria,camion_flota
Talleres,1,Lubricante,Aceite engranajes,SalfaSur,AUSTER,5,7000022,AUSTER 75W90 GL-5 1L,1 L,Frasco/Botella,1,3108,3108,4040,932,0.2307692307692308,5000.0,8000.0,3000.0,-0.2376237623762376,-0.9801980198019802,Talleres,camion_flota
Construccion (agro),3,Lubricante,Aceite engranajes,SalfaSur,AUSTER,5,7000022,AUSTER 75W90 GL-5 1L,1 L,Frasco/Botella,1,3108,3108,4040,932,0.2307692307692308,5000.0,8000.0,3000.0,-0.2376237623762376,-0.9801980198019802,Agricola,camion_flota
Flotas,3,Lubricante,Aceite engranajes,SalfaSur,AUSTER,1,7000026,AUSTER 80W90 GL-4 1L,1 L,Frasco/Botella,1,2529,2529,3288,759,0.2307692307692308,5000.0,8000.0,3000.0,-0.5206812652068127,-1.4330900243309004,Flotas,camion_flota
Industria,3,Lubricante,Aceite engranajes,SalfaSur,AUSTER,1,7000026,AUSTER 80W90 GL-4 1L,1 L,Frasco/Botella,1,2529,2529,3288,759,0.2307692307692308,5000.0,8000.0,3000.0,-0.5206812652068127,-1.4330900243309004,Industria,camion_flota
Talleres,1,Lubricante,Aceite engranajes,SalfaSur,AUSTER,1,7000026,AUSTER 80W90 GL-4 1L,1 L,Frasco/Botella,1,2529,2529,3288,759,0.2307692307692308,5000.0,8000.0,3000.0,-0.5206812652068127,-1.4330900243309004,Talleres,camion_flota
Construccion (agro),3,Lubricante,Aceite engranajes,SalfaSur,AUSTER,1,7000026,AUSTER 80W90 GL-4 1L,1 L,Frasco/Botella,1,2529,2529,3288,759,0.2307692307692308,5000.0,8000.0,3000.0,-0.5206812652068127,-1.4330900243309004,Agricola,camion_flota
Flotas,3,Lubricante,Aceite engranajes,SalfaSur,AUSTER,2,7000028,AUSTER TRANSMISSION 80W90 GL-5 1L,1 L,Frasco/Botella,1,2759,2759,3587,828,0.2307692307692308,5000.0,8000.0,3000.0,-0.39392249790911626,-1.2302759966545862,Flotas,camion_flota
Industria,3,Lubricante,Aceite engranajes,SalfaSur,AUSTER,2,7000028,AUSTER TRANSMISSION 80W90 GL-5 1L,1 L,Frasco/Botella,1,2759,2759,3587,828,0.2307692307692308,5000.0,8000.0,3000.0,-0.39392249790911626,-1.2302759966545862,Industria,camion_flota
Talleres,1,Lubricante,Aceite engranajes,SalfaSur,AUSTER,2,7000028,AUSTER TRANSMISSION 80W90 GL-5 1L,1 L,Frasco/Botella,1,2759,2759,3587,828,0.2307692307692308,5000.0,8000.0,3000.0,-0.39392249790911626,-1.2302759966545862,Talleres,camion_flota
Construccion (agro),3,Lubricante,Aceite engranajes,SalfaSur,AUSTER,2,7000028,AUSTER TRANSMISSION 80W90 GL-5 1L,1 L,Frasco/Botella,1,2759,2759,3587,828,0.2307692307692308,5000.0,8000.0,3000.0,-0.39392249790911626,-1.2302759966545862,Agricola,camion_flota
Flotas,1,Lubricante,Aceite engranajes,SalfaSur,AUSTER,1,7000029,AUSTER 80W90 GL-5 20L,20 L,Balde,1,43088,43088,56014,12926,0.2307692307692308,70000.0,90000.0,20000.0,-0.2496875781054737,-0.6067411718498947,Flotas,camion_flota
Industria,1,Lubricante,Aceite engranajes,SalfaSur,AUSTER,1,7000029,AUSTER 80W90 GL-5 20L,20 L,Balde,1,43088,43088,56014,12926,0.2307692307692308,70000.0,90000.0,20000.0,-0.2496875781054737,-0.6067411718498947,Industria,camion_flota
Talleres,2,Lubricante,Aceite engranajes,SalfaSur,AUSTER,1,7000029,AUSTER 80W90 GL-5 20L,20 L,Balde,1,43088,43088,56014,12926,0.2307692307692308,70000.0,90000.0,20000.0,-0.2496875781054737,-0.6067411718498947,Talleres,camion_flota
Construccion (agro),1,Lubricante,Aceite engranajes,SalfaSur,AUSTER,1,7000029,AUSTER 80W90 GL-5 20L,20 L,Balde,1,43088,43088,56014,12926,0.2307692307692308,70000.0,90000.0,20000.0,-0.2496875781054737,-0.6067411718498947,Agricola,camion_flota
Flotas,1,Lubricante,Aceite engranajes,SalfaSur,AUSTER,1,7000030,AUSTER 80W90 GL-5 200L,200 L,Tambor/Cilindro,1,425726,425726,553444,127718,0.2307692307692308,800000.0,1100000.0,300000.0,-0.4454940337233757,-0.9875542963696418,Flotas,camion_flota
Industria,1,Lubricante,Aceite engranajes,SalfaSur,AUSTER,1,7000030,AUSTER 80W90 GL-5 200L,200 L,Tambor/Cilindro,1,425726,425726,553444,127718,0.2307692307692308,800000.0,1100000.0,300000.0,-0.4454940337233757,-0.9875542963696418,Industria,camion_flota
Talleres,3,Lubricante,Aceite engranajes,SalfaSur,AUSTER,1,7000030,AUSTER 80W90 GL-5 200L,200 L,Tambor/Cilindro,1,425726,425726,553444,127718,0.2307692307692308,800000.0,1100000.0,300000.0,-0.4454940337233757,-0.9875542963696418,Talleres,camion_flota
Construccion (agro),1,Lubricante,Aceite engranajes,SalfaSur,AUSTER,1,7000030,AUSTER 80W90 GL-5 200L,200 L,Tambor/Cilindro,1,425726,425726,553444,127718,0.2307692307692308,800000.0,1100000.0,300000.0,-0.4454940337233757,-0.9875542963696418,Agricola,camion_flota
Venta Libre (No Especifico),1,Lubricante,Otros,SalfaSur,AUSTER,95,7000034,AUSTER ATF VI 1L,1 L,Frasco/Botella,1,5223,5223,6790,1567,0.2307692307692308,,,,1.0,1.0,"Flotas,Talleres",liviano
Concesionarios,1,Lubricante,10W40 semisintetico,SalfaSur,AUSTER,1,7000035,AUSTER 4T 10W40 1L,1 L,Frasco/Botella,1,2603,2603,3384,781,0.2307692307692308,5000.0,7500.0,2500.0,-0.47754137115839246,-1.2163120567375887,Concesionarios,liviano
Talleres,1,Lubricante,10W40 semisintetico,SalfaSur,AUSTER,1,7000035,AUSTER 4T 10W40 1L,1 L,Frasco/Botella,1,2603,2603,3384,781,0.2307692307692308,5000.0,7500.0,2500.0,-0.47754137115839246,-1.2163120567375887,Talleres,liviano
Venta Libre (No Especifico),1,Lubricante,Otros,SalfaSur,AUSTER,68,7000036,AUSTER LONG LIFE ANTIFREEZE 1L,1 L,Frasco/Botella,1,2811,2811,3654,843,0.2307692307692308,,,,1.0,1.0,"Flotas,Talleres",liviano
Venta Libre (No Especifico),3,Lubricante,Otros,SalfaSur,AUSTER,3,7000038,AUSTER LONG LIFE ANTIFREEZE 200L,200 L,Tambor/Cilindro,1,393544,393544,511607,118063,0.2307692307692308,,,,1.0,1.0,"Flotas,Talleres",liviano
Venta Libre (No Especifico),1,Lubricante,Otros,SalfaSur,AUSTER,90,7000039,AUSTER MAXTECHG PRO FE 0W30 SN/CF 1L,1 L,Frasco/Botella,1,3986,3986,5182,1196,0.2307692307692308,,,,1.0,1.0,"Flotas,Talleres",liviano
Venta Libre (No Especifico),1,Lubricante,Otros,SalfaSur,AUSTER,31,7000040,AUSTER MAXTECH PRO FE 0W30 SN/CF 4L,4 L,Galon,1,12189,12189,15846,3657,0.2307692307692308,,,,1.0,1.0,"Flotas,Talleres",liviano
Venta Libre (No Especifico),1,Lubricante,Otros,SalfaSur,AUSTER,21,7000044,AUSTER 20W50 SL/CF 4L,4 L,Galon,1,9354,9354,12160,2806,0.2307692307692308,,,,1.0,1.0,"Flotas,Talleres",liviano
Concesionarios,3,Lubricante,5W40 sintetico,SalfaSur,AUSTER,1,7000046,AUSTER MAXFORCE 15W40 CK-4 6L,6 L,Bidon,1,18330,18330,23829,5499,0.2307692307692308,28000.0,42000.0,14000.0,-0.17503881824667422,-0.7625582273700113,Concesionarios,camion_flota
Talleres,3,Lubricante,5W40 sintetico,SalfaSur,AUSTER,1,7000046,AUSTER MAXFORCE 15W40 CK-4 6L,6 L,Bidon,1,18330,18330,23829,5499,0.2307692307692308,28000.0,42000.0,14000.0,-0.17503881824667422,-0.7625582273700113,Talleres,camion_flota
Construccion,3,Lubricante,10W30/10W40 CK-4,SalfaSur,AUSTER,1,7000047,AUSTER MAXFORCE 10W40 CK-4 6L,6 L,Bidon,1,19625,19625,25512,5888,0.2307692307692308,18000.0,26000.0,8000.0,0.2944496707431796,-0.01912825337096269,Construccion,camion_flota
Flotas,3,Lubricante,10W30/10W40 CK-4,SalfaSur,AUSTER,1,7000047,AUSTER MAXFORCE 10W40 CK-4 6L,6 L,Bidon,1,19625,19625,25512,5888,0.2307692307692308,18000.0,26000.0,8000.0,0.2944496707431796,-0.01912825337096269,Flotas,camion_flota
Construccion (agro),3,Lubricante,10W30/10W40 CK-4,SalfaSur,AUSTER,1,7000047,AUSTER MAXFORCE 10W40 CK-4 6L,6 L,Bidon,1,19625,19625,25512,5888,0.2307692307692308,18000.0,26000.0,8000.0,0.2944496707431796,-0.01912825337096269,Agricola,camion_flota
Concesionarios,1,Lubricante,10W40 semisintetico,SalfaSur,AUSTER,2,7000048,AUSTER MAXTECH PRO 10W40 SP- 1 LT,1 LT,Frasco/Botella,1,2935,2935,3816,880,0.2307692307692308,5000.0,7500.0,2500.0,-0.3102725366876311,-0.9654088050314464,Concesionarios,liviano
Talleres,1,Lubricante,10W40 semisintetico,SalfaSur,AUSTER,2,7000048,AUSTER MAXTECH PRO 10W40 SP- 1 LT,1 LT,Frasco/Botella,1,2935,2935,3816,880,0.2307692307692308,5000.0,7500.0,2500.0,-0.3102725366876311,-0.9654088050314464,Talleres,liviano
Concesionarios,2,Lubricante,5W30 sintetico,SalfaSur,AUSTER,1,7000049,AUSTER MAXTECH PRO RX 5W30 SP/CJ 4LT,4 LT,Galon,1,11454,11454,14890,3436,0.2307692307692308,28000.0,42000.0,14000.0,-0.8804566823371389,-1.8206850235057086,Concesionarios,liviano
Talleres,1,Lubricante,5W30 sintetico,SalfaSur,AUSTER,1,7000049,AUSTER MAXTECH PRO RX 5W30 SP/CJ 4LT,4 LT,Galon,1,11454,11454,14890,3436,0.2307692307692308,28000.0,42000.0,14000.0,-0.8804566823371389,-1.8206850235057086,Talleres,liviano
Concesionarios,1,Lubricante,5W30 sintetico,SalfaSur,AUSTER,1,7000050,AUSTER MAXTECH PRO FE 5W30 ACEA C3 DPF 200L,200 L,Tambor/Cilindro,1,503477,503477,654520,151043,0.2307692307692308,1200000.0,1600000.0,400000.0,-0.8334046324023712,-1.4445395098698284,Concesionarios,liviano
Talleres,3,Lubricante,5W30 sintetico,SalfaSur,AUSTER,1,7000050,AUSTER MAXTECH PRO FE 5W30 ACEA C3 DPF 200L,200 L,Tambor/Cilindro,1,503477,503477,654520,151043,0.2307692307692308,1200000.0,1600000.0,400000.0,-0.8334046324023712,-1.4445395098698284,Talleres,liviano
Concesionarios,1,Lubricante,5W40 sintetico,SalfaSur,AUSTER,2,7000052,AUSTER MAXFORCE 15W40 CK-4 200L,200 L,Tambor/Cilindro,1,540831,540831,703080,162249,0.2307692307692308,1200000.0,1600000.0,400000.0,-0.7067759003242875,-1.2757012004323833,Concesionarios,camion_flota
Talleres,3,Lubricante,5W40 sintetico,SalfaSur,AUSTER,2,7000052,AUSTER MAXFORCE 15W40 CK-4 200L,200 L,Tambor/Cilindro,1,540831,540831,703080,162249,0.2307692307692308,1200000.0,1600000.0,400000.0,-0.7067759003242875,-1.2757012004323833,Talleres,camion_flota
Concesionarios,3,Lubricante,5W40 sintetico,SalfaSur,AUSTER,3,7000053,AUSTER MAXFORCE 15W40 CK-4 20L,20 L,Balde,1,55422,55422,72049,16627,0.2307692307692308,55000.0,80000.0,25000.0,0.23663062637926968,-0.11035545253924406,Concesionarios,camion_flota
Talleres,2,Lubricante,5W40 sintetico,SalfaSur,AUSTER,3,7000053,AUSTER MAXFORCE 15W40 CK-4 20L,20 L,Balde,1,55422,55422,72049,16627,0.2307692307692308,55000.0,80000.0,25000.0,0.23663062637926968,-0.11035545253924406,Talleres,camion_flota
Construccion,1,Lubricante,10W30/10W40 CK-4,SalfaSur,AUSTER,2,7000054,AUSTER MAXFORCE 10W40 CK-4 200L,200 L,Tambor/Cilindro,1,620509,620509,806662,186153,0.2307692307692308,750000.0,950000.0,200000.0,0.07024255512221966,-0.17769276351185503,Construccion,camion_flota
Flotas,1,Lubricante,10W30/10W40 CK-4,SalfaSur,AUSTER,2,7000054,AUSTER MAXFORCE 10W40 CK-4 200L,200 L,Tambor/Cilindro,1,620509,620509,806662,186153,0.2307692307692308,750000.0,950000.0,200000.0,0.07024255512221966,-0.17769276351185503,Flotas,camion_flota
Construccion (agro),1,Lubricante,10W30/10W40 CK-4,SalfaSur,AUSTER,2,7000054,AUSTER MAXFORCE 10W40 CK-4 200L,200 L,Tambor/Cilindro,1,620509,620509,806662,186153,0.2307692307692308,750000.0,950000.0,200000.0,0.07024255512221966,-0.17769276351185503,Agricola,camion_flota
Construccion,1,Lubricante,Hidraulico ISO 46,SalfaSur,AUSTER,2,7000055,AUSTER HYDRO ISO 46 20LT,20 LT,Balde,1,37638,37638,48929,11291,0.2307692307692308,40000.0,60000.0,20000.0,0.18248891250587584,-0.2262666312411863,Construccion,industrial
Industria,1,Lubricante,Hidraulico ISO 46,SalfaSur,AUSTER,2,7000055,AUSTER HYDRO ISO 46 20LT,20 LT,Balde,1,37638,37638,48929,11291,0.2307692307692308,40000.0,60000.0,20000.0,0.18248891250587584,-0.2262666312411863,Industria,industrial
Construccion (agro),1,Lubricante,Hidraulico ISO 46,SalfaSur,AUSTER,2,7000055,AUSTER HYDRO ISO 46 20LT,20 LT,Balde,1,37638,37638,48929,11291,0.2307692307692308,40000.0,60000.0,20000.0,0.18248891250587584,-0.2262666312411863,Agricola,industrial
Construccion,1,Lubricante,Hidraulico ISO 46,SalfaSur,AUSTER,1,7000056,AUSTER HYDRO ISO 46 200LT,200 LT,Tambor/Cilindro,1,366691,366691,476698,110007,0.2307692307692308,400000.0,550000.0,150000.0,0.16089431883498562,-0.1537703116018947,Construccion,industrial
Industria,1,Lubricante,Hidraulico ISO 46,SalfaSur,AUSTER,1,7000056,AUSTER HYDRO ISO 46 200LT,200 LT,Tambor/Cilindro,1,366691,366691,476698,110007,0.2307692307692308,400000.0,550000.0,150000.0,0.16089431883498562,-0.1537703116018947,Industria,industrial
Construccion (agro),1,Lubricante,Hidraulico ISO 46,SalfaSur,AUSTER,1,7000056,AUSTER HYDRO ISO 46 200LT,200 LT,Tambor/Cilindro,1,366691,366691,476698,110007,0.2307692307692308,400000.0,550000.0,150000.0,0.16089431883498562,-0.1537703116018947,Agricola,industrial
Construccion,1,Lubricante,Hidraulico ISO 68,SalfaSur,AUSTER,1,7000058,AUSTER HYDRO ISO 68 200LT,200 LT,Tambor/Cilindro,1,369128,369128,479866,110738,0.2307692307692308,400000.0,550000.0,150000.0,0.16643396281461909,-0.14615330112989877,Construccion,industrial
Industria,1,Lubricante,Hidraulico ISO 68,SalfaSur,AUSTER,1,7000058,AUSTER HYDRO ISO 68 200LT,200 LT,Tambor/Cilindro,1,369128,369128,479866,110738,0.2307692307692308,400000.0,550000.0,150000.0,0.16643396281461909,-0.14615330112989877,Industria,industrial
Construccion (agro),1,Lubricante,Hidraulico ISO 68,SalfaSur,AUSTER,1,7000058,AUSTER HYDRO ISO 68 200LT,200 LT,Tambor/Cilindro,1,369128,369128,479866,110738,0.2307692307692308,400000.0,550000.0,150000.0,0.16643396281461909,-0.14615330112989877,Agricola,industrial
Concesionarios,2,Lubricante,10W40 semisintetico,SalfaSur,AUSTER,2,7000059,AUSTER MAXTECH PRO 10W40 SP 4LT,4 LT,Galon,1,10882,10882,14147,3265,0.2307692307692308,18000.0,24000.0,6000.0,-0.27235456280483494,-0.6964727504064465,Concesionarios,liviano
Talleres,1,Lubricante,10W40 semisintetico,SalfaSur,AUSTER,2,7000059,AUSTER MAXTECH PRO 10W40 SP 4LT,4 LT,Galon,1,10882,10882,14147,3265,0.2307692307692308,18000.0,24000.0,6000.0,-0.27235456280483494,-0.6964727504064465,Talleres,liviano
Concesionarios,3,Lubricante,5W30 sintetico,SalfaSur,AUSTER,2,7000045,AUSTER MAXTECH PRO FE 5W30 SP/CF C3 DPF 6L,6 L,Bidon,1,17592,17592,22870,5278,0.2307692307692308,28000.0,42000.0,14000.0,-0.22431132487975525,-0.8364669873196326,Concesionarios,liviano
Talleres,3,Lubricante,5W30 sintetico,SalfaSur,AUSTER,2,7000045,AUSTER MAXTECH PRO FE 5W30 SP/CF C3 DPF 6L,6 L,Bidon,1,17592,17592,22870,5278,0.2307692307692308,28000.0,42000.0,14000.0,-0.22431132487975525,-0.8364669873196326,Talleres,liviano
Construccion,1,Lubricante,Hidraulico ISO 68,SalfaSur,AUSTER,3,7000057,AUSTER HYDRO ISO 68 20LT,20 LT,Balde,1,38011,38011,49414,11403,0.2307692307692308,40000.0,60000.0,20000.0,0.1905128101347796,-0.21423078479783064,Construccion,industrial
Industria,1,Lubricante,Hidraulico ISO 68,SalfaSur,AUSTER,3,7000057,AUSTER HYDRO ISO 68 20LT,20 LT,Balde,1,38011,38011,49414,11403,0.2307692307692308,40000.0,60000.0,20000.0,0.1905128101347796,-0.21423078479783064,Industria,industrial
Construccion (agro),1,Lubricante,Hidraulico ISO 68,SalfaSur,AUSTER,3,7000057,AUSTER HYDRO ISO 68 20LT,20 LT,Balde,1,38011,38011,49414,11403,0.2307692307692308,40000.0,60000.0,20000.0,0.1905128101347796,-0.21423078479783064,Agricola,industrial
Venta Libre (No Especifico),3,Lubricante,Otros,SalfaSur,AUSTER,1,7000062,AUSTER LITHIUM EP GREASE (RED) 180KG,180 KG,Tambor,1,594384,594384,772699,178315,0.2307692307692308,,,,1.0,1.0,"Flotas,Talleres",industrial
Venta Libre (No Especifico),3,Lubricante,Otros,SalfaSur,AUSTER,2,7000063,AUSTER LITHIUM COMPLEX GREASE 180KG,180 KG,Tambor,1,1229953,1229953,1598939,368986,0.2307692307692308,,,,1.0,1.0,"Flotas,Talleres",industrial
Venta Libre (No Especifico),1,Lubricante,Otros,SalfaSur,AUSTER,71,7000064,AUSTER ATF III 1L,1 L,Frasco/Botella,1,2959,2959,3847,888,0.2307692307692308,,,,1.0,1.0,"Flotas,Talleres",liviano
Venta Libre (No Especifico),1,Lubricante,Otros,SalfaSur,AUSTER,73,7000065,AUSTER 80W-90 LSD 1LT,1 LT,Frasco/Botella,1,3255,3255,4232,976,0.2307692307692308,,,,1.0,1.0,"Flotas,Talleres",camion_flota
Venta Libre (No Especifico),2,Lubricante,Otros,SalfaSur,AUSTER,1,7000067,AUSTER LITHIUM COMPLEX GREASE (BALDE) 15KG,15 KG,Balde/Tarro grande,1,110450,110450,143585,33135,0.2307692307692308,,,,1.0,1.0,"Flotas,Talleres",industrial
Flotas,3,Lubricante,Aceite engranajes,SalfaSur,AUSTER,4,7000068,AUSTER 75W80 GL-4 1LT,1 LT,Frasco/Botella,1,3047,3047,3961,914,0.2307692307692308,5000.0,8000.0,3000.0,-0.26230749810653875,-1.019691996970462,Flotas,camion_flota
Industria,3,Lubricante,Aceite engranajes,SalfaSur,AUSTER,4,7000068,AUSTER 75W80 GL-4 1LT,1 LT,Frasco/Botella,1,3047,3047,3961,914,0.2307692307692308,5000.0,8000.0,3000.0,-0.26230749810653875,-1.019691996970462,Industria,camion_flota
Talleres,1,Lubricante,Aceite engranajes,SalfaSur,AUSTER,4,7000068,AUSTER 75W80 GL-4 1LT,1 LT,Frasco/Botella,1,3047,3047,3961,914,0.2307692307692308,5000.0,8000.0,3000.0,-0.26230749810653875,-1.019691996970462,Talleres,camion_flota
Construccion (agro),3,Lubricante,Aceite engranajes,SalfaSur,AUSTER,4,7000068,AUSTER 75W80 GL-4 1LT,1 LT,Frasco/Botella,1,3047,3047,3961,914,0.2307692307692308,5000.0,8000.0,3000.0,-0.26230749810653875,-1.019691996970462,Agricola,camion_flota
Flotas,3,Lubricante,Aceite engranajes,SalfaSur,AUSTER,6,7000069,AUSTER 75W80 GL-5 1LT,1 LT,Frasco/Botella,1,3199,3199,4159,960,0.2307692307692307,5000.0,8000.0,3000.0,-0.20221207020918497,-0.9235393123346958,Flotas,camion_flota
Industria,3,Lubricante,Aceite engranajes,SalfaSur,AUSTER,6,7000069,AUSTER 75W80 GL-5 1LT,1 LT,Frasco/Botella,1,3199,3199,4159,960,0.2307692307692307,5000.0,8000.0,3000.0,-0.20221207020918497,-0.9235393123346958,Industria,camion_flota
Talleres,1,Lubricante,Aceite engranajes,SalfaSur,AUSTER,6,7000069,AUSTER 75W80 GL-5 1LT,1 LT,Frasco/Botella,1,3199,3199,4159,960,0.2307692307692307,5000.0,8000.0,3000.0,-0.20221207020918497,-0.9235393123346958,Talleres,camion_flota
Construccion (agro),3,Lubricante,Aceite engranajes,SalfaSur,AUSTER,6,7000069,AUSTER 75W80 GL-5 1LT,1 LT,Frasco/Botella,1,3199,3199,4159,960,0.2307692307692307,5000.0,8000.0,3000.0,-0.20221207020918497,-0.9235393123346958,Agricola,camion_flota
Venta Libre (No Especifico),1,Bateria,Otros,Cristian Hughes,Platin,18,PT40B19L,40B19L (35 Ah - 300 CCA),Unidad,Unidad,1,31500,31500,40950,9450,0.2307692307692308,,,,1.0,1.0,"Talleres,Concesionarios",liviano
Venta Libre (No Especifico),1,Bateria,Otros,Cristian Hughes,Platin,18,PT40B19R,40B19R (35 Ah - 300 CCA),Unidad,Unidad,1,31500,31500,40950,9450,0.2307692307692308,,,,1.0,1.0,"Talleres,Concesionarios",liviano
Venta Libre (No Especifico),1,Bateria,Otros,Cristian Hughes,Platin,18,PT40B20L,40B20L (35 Ah - 300 CCA),Unidad,Unidad,1,31500,31500,40950,9450,0.2307692307692308,,,,1.0,1.0,"Talleres,Concesionarios",liviano
Concesionarios,1,Bateria,45 Ah,Cristian Hughes,Platin,1,PT50B19L,50B19L (40 Ah - 350 CCA),Unidad,Unidad,1,33500,33500,43550,10050,0.2307692307692308,54538.0,67143.0,12605.0,-0.25230769230769234,-0.5417451205510908,Concesionarios,liviano
Talleres,1,Bateria,45 Ah,Cristian Hughes,Platin,1,PT50B19L,50B19L (40 Ah - 350 CCA),Unidad,Unidad,1,33500,33500,43550,10050,0.2307692307692308,54538.0,67143.0,12605.0,-0.25230769230769234,-0.5417451205510908,Talleres,liviano
Concesionarios,1,Bateria,45 Ah,Cristian Hughes,Platin,1,PT54459,54459 (44 Ah 400 CCA),Unidad,Unidad,1,33500,33500,43550,10050,0.2307692307692308,54538.0,67143.0,12605.0,-0.25230769230769234,-0.5417451205510908,Concesionarios,liviano
Talleres,1,Bateria,45 Ah,Cristian Hughes,Platin,1,PT54459,54459 (44 Ah 400 CCA),Unidad,Unidad,1,33500,33500,43550,10050,0.2307692307692308,54538.0,67143.0,12605.0,-0.25230769230769234,-0.5417451205510908,Talleres,liviano
Concesionarios,1,Bateria,45 Ah,Cristian Hughes,Platin,1,PT54316,54316 (44 Ah 400 CCA),Unidad,Unidad,1,33500,33500,43550,10050,0.2307692307692308,54538.0,67143.0,12605.0,-0.25230769230769234,-0.5417451205510908,Concesionarios,liviano
Talleres,1,Bateria,45 Ah,Cristian Hughes,Platin,1,PT54316,54316 (44 Ah 400 CCA),Unidad,Unidad,1,33500,33500,43550,10050,0.2307692307692308,54538.0,67143.0,12605.0,-0.25230769230769234,-0.5417451205510908,Talleres,liviano
Concesionarios,1,Bateria,45 Ah,Cristian Hughes,Platin,2,PT60B24L,60B24L (45 Ah - 400 CCA),Unidad,Unidad,1,37990,37990,49387,11397,0.2307692307692308,54538.0,67143.0,12605.0,-0.10429870208759384,-0.35952781096239894,Concesionarios,liviano
Talleres,1,Bateria,45 Ah,Cristian Hughes,Platin,2,PT60B24L,60B24L (45 Ah - 400 CCA),Unidad,Unidad,1,37990,37990,49387,11397,0.2307692307692308,54538.0,67143.0,12605.0,-0.10429870208759384,-0.35952781096239894,Talleres,liviano
Concesionarios,1,Bateria,45 Ah,Cristian Hughes,Platin,2,PT60B24R,60B24R (45 Ah 400 CCA),Unidad,Unidad,1,37990,37990,49387,11397,0.2307692307692308,54538.0,67143.0,12605.0,-0.10429870208759384,-0.35952781096239894,Concesionarios,liviano
Talleres,1,Bateria,45 Ah,Cristian Hughes,Platin,2,PT60B24R,60B24R (45 Ah 400 CCA),Unidad,Unidad,1,37990,37990,49387,11397,0.2307692307692308,54538.0,67143.0,12605.0,-0.10429870208759384,-0.35952781096239894,Talleres,liviano
Concesionarios,1,Bateria,60 Ah,Cristian Hughes,Platin,1,PT55D23L,55D23L (60 Ah - 500 CCA),Unidad,Unidad,1,40500,40500,52650,12150,0.2307692307692308,62941.0,75546.0,12605.0,-0.19546058879392203,-0.43487179487179484,Concesionarios,liviano
Talleres,1,Bateria,60 Ah,Cristian Hughes,Platin,1,PT55D23L,55D23L (60 Ah - 500 CCA),Unidad,Unidad,1,40500,40500,52650,12150,0.2307692307692308,62941.0,75546.0,12605.0,-0.19546058879392203,-0.43487179487179484,Talleres,liviano
Concesionarios,1,Bateria,60 Ah,Cristian Hughes,Platin,1,PT55D23R,55D23R (60 Ah - 500 CCA),Unidad,Unidad,1,40500,40500,52650,12150,0.2307692307692308,62941.0,75546.0,12605.0,-0.19546058879392203,-0.43487179487179484,Concesionarios,liviano
Talleres,1,Bateria,60 Ah,Cristian Hughes,Platin,1,PT55D23R,55D23R (60 Ah - 500 CCA),Unidad,Unidad,1,40500,40500,52650,12150,0.2307692307692308,62941.0,75546.0,12605.0,-0.19546058879392203,-0.43487179487179484,Talleres,liviano
Concesionarios,1,Bateria,65 Ah,Cristian Hughes,Platin,2,PTQ85,Q85 EFB (Start-Stop) (65 Ah - 620 CCA),Unidad,Unidad,1,68500,68500,89050,20550,0.2307692307692308,116807.0,134370.0,17563.0,-0.3117012914093207,-0.5089275687815833,Concesionarios,liviano
Talleres,1,Bateria,65 Ah,Cristian Hughes,Platin,2,PTQ85,Q85 EFB (Start-Stop) (65 Ah - 620 CCA),Unidad,Unidad,1,68500,68500,89050,20550,0.2307692307692308,116807.0,134370.0,17563.0,-0.3117012914093207,-0.5089275687815833,Talleres,liviano
Concesionarios,1,Bateria,55 Ah,Cristian Hughes,Platin,1,PT55566,55566 (55 Ah - 390 CCA),Unidad,Unidad,1,31500,31500,40950,9450,0.2307692307692308,41176.0,54538.0,13362.0,-0.0055189255189254105,-0.33181929181929193,Concesionarios,liviano
Talleres,1,Bateria,55 Ah,Cristian Hughes,Platin,1,PT55566,55566 (55 Ah - 390 CCA),Unidad,Unidad,1,31500,31500,40950,9450,0.2307692307692308,41176.0,54538.0,13362.0,-0.0055189255189254105,-0.33181929181929193,Talleres,liviano
Concesionarios,1,Bateria,55 Ah,Cristian Hughes,Platin,2,PT55563,55563 (55 Ah - 390 CCA),Unidad,Unidad,1,31990,31990,41587,9597,0.2307692307692308,41176.0,54538.0,13362.0,0.009882896097338056,-0.3114194339577272,Concesionarios,liviano
Talleres,1,Bateria,55 Ah,Cristian Hughes,Platin,2,PT55563,55563 (55 Ah - 390 CCA),Unidad,Unidad,1,31990,31990,41587,9597,0.2307692307692308,41176.0,54538.0,13362.0,0.009882896097338056,-0.3114194339577272,Talleres,liviano
Concesionarios,1,Bateria,55 Ah,Cristian Hughes,Platin,3,PT55530,55530 (55 Ah - 520 CCA),Unidad,Unidad,1,40990,40990,53287,12297,0.2307692307692308,41176.0,54538.0,13362.0,0.22727869836920822,-0.023476645335635427,Concesionarios,liviano
Talleres,1,Bateria,55 Ah,Cristian Hughes,Platin,3,PT55530,55530 (55 Ah - 520 CCA),Unidad,Unidad,1,40990,40990,53287,12297,0.2307692307692308,41176.0,54538.0,13362.0,0.22727869836920822,-0.023476645335635427,Talleres,liviano
Concesionarios,1,Bateria,55 Ah,Cristian Hughes,Platin,3,PT55458,55458 (55 Ah - 520 CCA),Unidad,Unidad,1,40990,40990,53287,12297,0.2307692307692308,41176.0,54538.0,13362.0,0.22727869836920822,-0.023476645335635427,Concesionarios,liviano
Talleres,1,Bateria,55 Ah,Cristian Hughes,Platin,3,PT55458,55458 (55 Ah - 520 CCA),Unidad,Unidad,1,40990,40990,53287,12297,0.2307692307692308,41176.0,54538.0,13362.0,0.22727869836920822,-0.023476645335635427,Talleres,liviano
Concesionarios,1,Bateria,65 Ah,Cristian Hughes,Platin,1,PT56219,56219 (62 Ah - 550 CCA),Unidad,Unidad,1,43990,43990,57187,13197,0.2307692307692308,116807.0,134370.0,17563.0,-1.0425446342700262,-1.3496598877367232,Concesionarios,liviano
Talleres,1,Bateria,65 Ah,Cristian Hughes,Platin,1,PT56219,56219 (62 Ah - 550 CCA),Unidad,Unidad,1,43990,43990,57187,13197,0.2307692307692308,116807.0,134370.0,17563.0,-1.0425446342700262,-1.3496598877367232,Talleres,liviano
Concesionarios,1,Bateria,65 Ah,Cristian Hughes,Platin,1,PT56221,56221 (62 Ah - 550 CCA),Unidad,Unidad,1,43990,43990,57187,13197,0.2307692307692308,116807.0,134370.0,17563.0,-1.0425446342700262,-1.3496598877367232,Concesionarios,liviano
Talleres,1,Bateria,65 Ah,Cristian Hughes,Platin,1,PT56221,56221 (62 Ah - 550 CCA),Unidad,Unidad,1,43990,43990,57187,13197,0.2307692307692308,116807.0,134370.0,17563.0,-1.0425446342700262,-1.3496598877367232,Talleres,liviano
Concesionarios,1,Bateria,70 Ah,Cristian Hughes,Platin,1,PT85D26L,85D26L (70 Ah - 550 CCA),Unidad,Unidad,1,43990,43990,57187,13197,0.2307692307692308,63782.0,83950.0,20168.0,-0.11532341266371726,-0.46799097697029035,Concesionarios,liviano
Talleres,1,Bateria,70 Ah,Cristian Hughes,Platin,1,PT85D26L,85D26L (70 Ah - 550 CCA),Unidad,Unidad,1,43990,43990,57187,13197,0.2307692307692308,63782.0,83950.0,20168.0,-0.11532341266371726,-0.46799097697029035,Talleres,liviano
Concesionarios,1,Bateria,70 Ah,Cristian Hughes,Platin,1,PT85D26R,85D26R (70 Ah - 550 CCA),Unidad,Unidad,1,43990,43990,57187,13197,0.2307692307692308,63782.0,83950.0,20168.0,-0.11532341266371726,-0.46799097697029035,Concesionarios,liviano
Talleres,1,Bateria,70 Ah,Cristian Hughes,Platin,1,PT85D26R,85D26R (70 Ah - 550 CCA),Unidad,Unidad,1,43990,43990,57187,13197,0.2307692307692308,63782.0,83950.0,20168.0,-0.11532341266371726,-0.46799097697029035,Talleres,liviano
Concesionarios,1,Bateria,80 Ah,Cristian Hughes,Platin,1,PT90D26L,90D26L (80 Ah - 620 CCA),Unidad,Unidad,1,52500,52500,68250,15750,0.2307692307692308,95000.0,130000.0,35000.0,-0.3919413919413919,-0.9047619047619047,Concesionarios,liviano
Flotas,1,Bateria,80 Ah,Cristian Hughes,Platin,1,PT90D26L,90D26L (80 Ah - 620 CCA),Unidad,Unidad,1,52500,52500,68250,15750,0.2307692307692308,95000.0,130000.0,35000.0,-0.3919413919413919,-0.9047619047619047,Flotas,liviano
Talleres,1,Bateria,80 Ah,Cristian Hughes,Platin,1,PT90D26L,90D26L (80 Ah - 620 CCA),Unidad,Unidad,1,52500,52500,68250,15750,0.2307692307692308,95000.0,130000.0,35000.0,-0.3919413919413919,-0.9047619047619047,Talleres,liviano
Concesionarios,1,Bateria,80 Ah,Cristian Hughes,Platin,1,PT90D26R,90D26R (80 Ah - 620 CCA),Unidad,Unidad,1,52500,52500,68250,15750,0.2307692307692308,95000.0,130000.0,35000.0,-0.3919413919413919,-0.9047619047619047,Concesionarios,liviano
Flotas,1,Bateria,80 Ah,Cristian Hughes,Platin,1,PT90D26R,90D26R (80 Ah - 620 CCA),Unidad,Unidad,1,52500,52500,68250,15750,0.2307692307692308,95000.0,130000.0,35000.0,-0.3919413919413919,-0.9047619047619047,Flotas,liviano
Talleres,1,Bateria,80 Ah,Cristian Hughes,Platin,1,PT90D26R,90D26R (80 Ah - 620 CCA),Unidad,Unidad,1,52500,52500,68250,15750,0.2307692307692308,95000.0,130000.0,35000.0,-0.3919413919413919,-0.9047619047619047,Talleres,liviano
Concesionarios,1,Bateria,75 Ah,Cristian Hughes,Platin,1,PT57113,57113 (71 Ah - 680 CCA),Unidad,Unidad,1,53500,53500,69550,16050,0.2307692307692308,75630.0,92437.0,16807.0,-0.08741912293314158,-0.3290726096333574,Concesionarios,liviano
Flotas,1,Bateria,75 Ah,Cristian Hughes,Platin,1,PT57113,57113 (71 Ah - 680 CCA),Unidad,Unidad,1,53500,53500,69550,16050,0.2307692307692308,75630.0,92437.0,16807.0,-0.08741912293314158,-0.3290726096333574,Flotas,liviano
Talleres,1,Bateria,75 Ah,Cristian Hughes,Platin,1,PT57113,57113 (71 Ah - 680 CCA),Unidad,Unidad,1,53500,53500,69550,16050,0.2307692307692308,75630.0,92437.0,16807.0,-0.08741912293314158,-0.3290726096333574,Talleres,liviano
Concesionarios,1,Bateria,75 Ah,Cristian Hughes,Platin,1,PT57112,57112 (71 Ah - 680 CCA),Unidad,Unidad,1,53500,53500,69550,16050,0.2307692307692308,75630.0,92437.0,16807.0,-0.08741912293314158,-0.3290726096333574,Concesionarios,liviano
Flotas,1,Bateria,75 Ah,Cristian Hughes,Platin,1,PT57112,57112 (71 Ah - 680 CCA),Unidad,Unidad,1,53500,53500,69550,16050,0.2307692307692308,75630.0,92437.0,16807.0,-0.08741912293314158,-0.3290726096333574,Flotas,liviano
Talleres,1,Bateria,75 Ah,Cristian Hughes,Platin,1,PT57112,57112 (71 Ah - 680 CCA),Unidad,Unidad,1,53500,53500,69550,16050,0.2307692307692308,75630.0,92437.0,16807.0,-0.08741912293314158,-0.3290726096333574,Talleres,liviano
Concesionarios,1,Bateria,75 Ah,Cristian Hughes,Platin,2,PTL3EFB,L3 EFB (Start-Stop) (71 Ah - 680 CCA),Unidad,Unidad,1,76990,76990,100087,23097,0.2307692307692308,75630.0,92437.0,16807.0,0.24435740905412295,0.07643350285251826,Concesionarios,liviano
Flotas,1,Bateria,75 Ah,Cristian Hughes,Platin,2,PTL3EFB,L3 EFB (Start-Stop) (71 Ah - 680 CCA),Unidad,Unidad,1,76990,76990,100087,23097,0.2307692307692308,75630.0,92437.0,16807.0,0.24435740905412295,0.07643350285251826,Flotas,liviano
Talleres,1,Bateria,75 Ah,Cristian Hughes,Platin,2,PTL3EFB,L3 EFB (Start-Stop) (71 Ah - 680 CCA),Unidad,Unidad,1,76990,76990,100087,23097,0.2307692307692308,75630.0,92437.0,16807.0,0.24435740905412295,0.07643350285251826,Talleres,liviano
Concesionarios,1,Bateria,90 Ah,Cristian Hughes,Platin,2,PT105D31L,105D31L (90 Ah - 640 CCA),Unidad,Unidad,1,53990,53990,70187,16197,0.2307692307692308,109244.0,126050.0,16806.0,-0.5564705714733498,-0.7959166227364041,Concesionarios,liviano
Flotas,1,Bateria,90 Ah,Cristian Hughes,Platin,2,PT105D31L,105D31L (90 Ah - 640 CCA),Unidad,Unidad,1,53990,53990,70187,16197,0.2307692307692308,109244.0,126050.0,16806.0,-0.5564705714733498,-0.7959166227364041,Flotas,liviano
Talleres,1,Bateria,90 Ah,Cristian Hughes,Platin,2,PT105D31L,105D31L (90 Ah - 640 CCA),Unidad,Unidad,1,53990,53990,70187,16197,0.2307692307692308,109244.0,126050.0,16806.0,-0.5564705714733498,-0.7959166227364041,Talleres,liviano
Concesionarios,1,Bateria,90 Ah,Cristian Hughes,Platin,1,PT105D31R,105D31R (90 Ah - 640 CCA),Unidad,Unidad,1,53900,53900,70070,16170,0.2307692307692308,109244.0,126050.0,16806.0,-0.5590695019266447,-0.7989153703439418,Concesionarios,liviano
Flotas,1,Bateria,90 Ah,Cristian Hughes,Platin,1,PT105D31R,105D31R (90 Ah - 640 CCA),Unidad,Unidad,1,53900,53900,70070,16170,0.2307692307692308,109244.0,126050.0,16806.0,-0.5590695019266447,-0.7989153703439418,Flotas,liviano
Talleres,1,Bateria,90 Ah,Cristian Hughes,Platin,1,PT105D31R,105D31R (90 Ah - 640 CCA),Unidad,Unidad,1,53900,53900,70070,16170,0.2307692307692308,109244.0,126050.0,16806.0,-0.5590695019266447,-0.7989153703439418,Talleres,liviano
Concesionarios,1,Bateria,90 Ah,Cristian Hughes,Platin,3,PT115D31L,115D31L (90 Ah - 750 CCA),Unidad,Unidad,1,62990,62990,81887,18897,0.2307692307692308,109244.0,126050.0,16806.0,-0.3340823329710454,-0.5393163750045795,Concesionarios,liviano
Flotas,1,Bateria,90 Ah,Cristian Hughes,Platin,3,PT115D31L,115D31L (90 Ah - 750 CCA),Unidad,Unidad,1,62990,62990,81887,18897,0.2307692307692308,109244.0,126050.0,16806.0,-0.3340823329710454,-0.5393163750045795,Flotas,liviano
Talleres,1,Bateria,90 Ah,Cristian Hughes,Platin,3,PT115D31L,115D31L (90 Ah - 750 CCA),Unidad,Unidad,1,62990,62990,81887,18897,0.2307692307692308,109244.0,126050.0,16806.0,-0.3340823329710454,-0.5393163750045795,Talleres,liviano
Concesionarios,1,Bateria,90 Ah,Cristian Hughes,Platin,3,PT115D31R,115D31R (90 Ah - 750 CCA),Unidad,Unidad,1,62990,62990,81887,18897,0.2307692307692308,109244.0,126050.0,16806.0,-0.3340823329710454,-0.5393163750045795,Concesionarios,liviano
Flotas,1,Bateria,90 Ah,Cristian Hughes,Platin,3,PT115D31R,115D31R (90 Ah - 750 CCA),Unidad,Unidad,1,62990,62990,81887,18897,0.2307692307692308,109244.0,126050.0,16806.0,-0.3340823329710454,-0.5393163750045795,Flotas,liviano
Talleres,1,Bateria,90 Ah,Cristian Hughes,Platin,3,PT115D31R,115D31R (90 Ah - 750 CCA),Unidad,Unidad,1,62990,62990,81887,18897,0.2307692307692308,109244.0,126050.0,16806.0,-0.3340823329710454,-0.5393163750045795,Talleres,liviano
Construccion (agro),1,Bateria,100 Ah,Cristian Hughes,Platin,1,PT135D31L,135D31L (100 Ah - 750 CCA),Unidad,Unidad,1,62990,62990,81887,18897,0.2307692307692308,104958.0,121765.0,16807.0,-0.28174191263570525,-0.4869881666198541,Agricola,liviano
Construccion (agro),1,Bateria,100 Ah,Cristian Hughes,Platin,1,PT135D31R,135D31R (100 Ah - 750 CCA),Unidad,Unidad,1,62990,62990,81887,18897,0.2307692307692308,104958.0,121765.0,16807.0,-0.28174191263570525,-0.4869881666198541,Agricola,liviano
Concesionarios,1,Bateria,90 Ah,Cristian Hughes,Platin,4,PT59542,59542 (90 Ah - 750 CCA),Unidad,Unidad,1,68500,68500,89050,20550,0.2307692307692308,109244.0,126050.0,16806.0,-0.22677147669848408,-0.4154969118472769,Concesionarios,liviano
Flotas,1,Bateria,90 Ah,Cristian Hughes,Platin,4,PT59542,59542 (90 Ah - 750 CCA),Unidad,Unidad,1,68500,68500,89050,20550,0.2307692307692308,109244.0,126050.0,16806.0,-0.22677147669848408,-0.4154969118472769,Flotas,liviano
Talleres,1,Bateria,90 Ah,Cristian Hughes,Platin,4,PT59542,59542 (90 Ah - 750 CCA),Unidad,Unidad,1,68500,68500,89050,20550,0.2307692307692308,109244.0,126050.0,16806.0,-0.22677147669848408,-0.4154969118472769,Talleres,liviano
Concesionarios,1,Bateria,80 Ah,Cristian Hughes,Platin,2,PTL4EFB,L4 EFB (Start-Stop) (80 Ah - 730 CCA),Unidad,Unidad,1,79990,79990,103987,23997,0.2307692307692308,95000.0,130000.0,35000.0,0.08642426457153296,-0.25015626953369163,Concesionarios,liviano
Flotas,1,Bateria,80 Ah,Cristian Hughes,Platin,2,PTL4EFB,L4 EFB (Start-Stop) (80 Ah - 730 CCA),Unidad,Unidad,1,79990,79990,103987,23997,0.2307692307692308,95000.0,130000.0,35000.0,0.08642426457153296,-0.25015626953369163,Flotas,liviano
Talleres,1,Bateria,80 Ah,Cristian Hughes,Platin,2,PTL4EFB,L4 EFB (Start-Stop) (80 Ah - 730 CCA),Unidad,Unidad,1,79990,79990,103987,23997,0.2307692307692308,95000.0,130000.0,35000.0,0.08642426457153296,-0.25015626953369163,Talleres,liviano
Construccion (agro),1,Bateria,100 Ah,Cristian Hughes,Platin,2,PTM31S,MF31S (100 Ah - 800 CCA),Unidad,Unidad,1,69990,69990,90987,20997,0.2307692307692308,104958.0,121765.0,16807.0,-0.1535494081572093,-0.3382681042346709,Agricola,liviano
Construccion (agro),1,Bateria,100 Ah,Cristian Hughes,Platin,2,PT60038,60038 (100 Ah - 800 CCA),Unidad,Unidad,1,69990,69990,90987,20997,0.2307692307692308,104958.0,121765.0,16807.0,-0.1535494081572093,-0.3382681042346709,Agricola,liviano
Construccion (agro),1,Bateria,120 Ah,Cristian Hughes,Platin,1,PT120,N120 (120 Ah - 760 CCA),Unidad,Unidad,1,89990,89990,116987,26997,0.2307692307692308,165000.0,195000.0,30000.0,-0.41041312282561315,-0.6668518724302701,Agricola,camion_flota
Construccion,1,Bateria,150 Ah,Cristian Hughes,Platin,1,PT150,N150 (150 Ah - 1000 CCA),Unidad,Unidad,1,104990,104990,136487,31497,0.2307692307692308,210000.0,260000.0,50000.0,-0.5386080725636875,-0.904943327935994,Construccion,camion_flota
Flotas,1,Bateria,150 Ah,Cristian Hughes,Platin,1,PT150,N150 (150 Ah - 1000 CCA),Unidad,Unidad,1,104990,104990,136487,31497,0.2307692307692308,210000.0,260000.0,50000.0,-0.5386080725636875,-0.904943327935994,Flotas,camion_flota
Construccion (agro),1,Bateria,150 Ah,Cristian Hughes,Platin,1,PT150,N150 (150 Ah - 1000 CCA),Unidad,Unidad,1,104990,104990,136487,31497,0.2307692307692308,210000.0,260000.0,50000.0,-0.5386080725636875,-0.904943327935994,Agricola,camion_flota
Construccion,1,Bateria,150 Ah,Cristian Hughes,Platin,1,PT150R,N150R (150 Ah - 1000 CCA),Unidad,Unidad,1,104990,104990,136487,31497,0.2307692307692308,210000.0,260000.0,50000.0,-0.5386080725636875,-0.904943327935994,Construccion,camion_flota
Flotas,1,Bateria,150 Ah,Cristian Hughes,Platin,1,PT150R,N150R (150 Ah - 1000 CCA),Unidad,Unidad,1,104990,104990,136487,31497,0.2307692307692308,210000.0,260000.0,50000.0,-0.5386080725636875,-0.904943327935994,Flotas,camion_flota
Construccion (agro),1,Bateria,150 Ah,Cristian Hughes,Platin,1,PT150R,N150R (150 Ah - 1000 CCA),Unidad,Unidad,1,104990,104990,136487,31497,0.2307692307692308,210000.0,260000.0,50000.0,-0.5386080725636875,-0.904943327935994,Agricola,camion_flota
Construccion,1,Bateria,180 Ah,Cristian Hughes,Platin,1,PT180,N180 (180 Ah - 1100 CCA),Unidad,Unidad,1,119990,119990,155987,35997,0.2307692307692308,235000.0,290000.0,55000.0,-0.5065358010603447,-0.8591292864148936,Construccion,camion_flota
Flotas,1,Bateria,180 Ah,Cristian Hughes,Platin,1,PT180,N180 (180 Ah - 1100 CCA),Unidad,Unidad,1,119990,119990,155987,35997,0.2307692307692308,235000.0,290000.0,55000.0,-0.5065358010603447,-0.8591292864148936,Flotas,camion_flota
Construccion (agro),1,Bateria,180 Ah,Cristian Hughes,Platin,1,PT180,N180 (180 Ah - 1100 CCA),Unidad,Unidad,1,119990,119990,155987,35997,0.2307692307692308,235000.0,290000.0,55000.0,-0.5065358010603447,-0.8591292864148936,Agricola,camion_flota
Construccion,1,Bateria,180 Ah,Cristian Hughes,Platin,1,PT180R,N180R (180 Ah - 1100 CCA),Unidad,Unidad,1,119990,119990,155987,35997,0.2307692307692308,235000.0,290000.0,55000.0,-0.5065358010603447,-0.8591292864148936,Construccion,camion_flota
Flotas,1,Bateria,180 Ah,Cristian Hughes,Platin,1,PT180R,N180R (180 Ah - 1100 CCA),Unidad,Unidad,1,119990,119990,155987,35997,0.2307692307692308,235000.0,290000.0,55000.0,-0.5065358010603447,-0.8591292864148936,Flotas,camion_flota
Construccion (agro),1,Bateria,180 Ah,Cristian Hughes,Platin,1,PT180R,N180R (180 Ah - 1100 CCA),Unidad,Unidad,1,119990,119990,155987,35997,0.2307692307692308,235000.0,290000.0,55000.0,-0.5065358010603447,-0.8591292864148936,Agricola,camion_flota
Construccion,1,Bateria,200 Ah,Cristian Hughes,Platin,1,PT200,N200 (200 Ah - 1100 CCA),Unidad,Unidad,1,119990,119990,155987,35997,0.2307692307692308,270000.0,330000.0,60000.0,-0.730913473558694,-1.1155609121272927,Construccion,camion_flota
Flotas,1,Bateria,200 Ah,Cristian Hughes,Platin,1,PT200,N200 (200 Ah - 1100 CCA),Unidad,Unidad,1,119990,119990,155987,35997,0.2307692307692308,270000.0,330000.0,60000.0,-0.730913473558694,-1.1155609121272927,Flotas,camion_flota
